origem,h,real,ultimo,"ARIMA(0,2,3)",Tendencia (12 meses),LSTM controle (so o alvo),LSTM painel (todas as cidades),LSTM painel (10 mais parecidas),LSTM painel ponderado por semelhanca,GB global (todas as cidades),GB global (10 mais parecidas)
2014-12-01,1,8.829247683302599,8.825403728977534,8.828697426043854,8.830810322005043,8.833152813360783,8.830737901375386,8.831325782918128,8.83064405479351,8.82750933932961,8.828138607811493
2014-12-01,3,8.832266966272181,8.825403728977534,8.835848966084846,8.84162350806006,8.847978366062733,8.840952720948252,8.842672226474377,8.840697657772097,8.830096294111863,8.83155877646309
2014-12-01,6,8.839116289915298,8.825403728977534,8.847256283619776,8.857843287142586,8.86956181143293,8.855541290239188,8.858870857850405,8.855109203130695,8.846592056198503,8.84605892278258
2014-12-01,12,8.838563190161768,8.825403728977534,8.870070918689636,8.890282845307638,8.907429391042086,8.879879040167424,8.88635271553764,8.879153633014056,8.863471068897619,8.856660163175476
2015-01-01,1,8.830899998991462,8.829247683302599,8.833222544970244,8.83433452638407,8.836941612900334,8.83450720088287,8.835102274564195,8.8344119601111,8.830202748680438,8.832514707452438
2015-01-01,3,8.836176594828899,8.829247683302599,8.841856294643215,8.844508212547016,8.85167480634256,8.844590085574525,8.846325531617838,8.844330724344688,8.837342462916688,8.8354848256635
2015-01-01,6,8.84037038704828,8.829247683302599,8.854569765030272,8.859768741791434,8.87310514228149,8.858991744012672,8.862350154684025,8.858553031475383,8.849800743361822,8.853585741212932
2015-01-01,12,8.837730882242692,8.829247683302599,8.879996705804386,8.890289800280268,8.910677500085074,8.882973551766115,8.88949488104983,8.882235258833605,8.865983802841905,8.85605493390903
2015-02-01,1,8.832266966272181,8.830899998991462,8.832681894787799,8.835654842985958,8.83849566101906,8.836022160461816,8.836632199099931,8.835925171597573,8.83155756290049,8.832084211339879
2015-02-01,3,8.83782345437701,8.830899998991462,8.836826312367052,8.84516453097495,8.853041591568562,8.845853863729808,8.847623112125966,8.845588776728782,8.842391160394099,8.839412768868726
2015-02-01,6,8.840276356855247,8.830899998991462,8.844048001275805,8.859429062958437,8.874185264556381,8.859913716538522,8.863336157499525,8.859466817675802,8.848068309314296,8.85301172197499
2015-02-01,12,8.837273661139651,8.830899998991462,8.858491379093312,8.887958126925412,8.911120079903576,8.883129869102213,8.889765210895511,8.882374637274715,8.85806581134974,8.852664028491109
2015-03-01,1,8.836176594828899,8.832266966272181,8.833537704861968,8.836605833777984,8.839756904561108,8.83724122440446,8.837867990992999,8.837141919806635,8.83486196602756,8.834170194288022
2015-03-01,3,8.839116289915298,8.832266966272181,8.83756203568864,8.84528356878959,8.854116630200332,8.846805695835537,8.848613722641057,8.846532939393109,8.846453216904553,8.839610963872737
2015-03-01,6,8.839088969416675,8.832266966272181,8.84377156638316,8.858300171306997,8.874965412933415,8.860499082524365,8.863993687946385,8.860040842015332,8.846069016165421,8.84169550463976
2015-03-01,12,8.837537450275958,8.832266966272181,8.856190627772198,8.884333376341813,8.911284113694018,8.882956287283486,8.889716187883204,8.882178629208392,8.847989448294127,8.845368186633461
2015-04-01,1,8.83782345437701,8.836176594828899,8.841115662908697,8.840437309988458,8.843676143435474,8.841144155820544,8.841778400929357,8.841043880784596,8.84350678632745,8.842763470352867
2015-04-01,3,8.84037038704828,8.836176594828899,8.850103568493417,8.848958740307575,8.858076695462401,8.850701353622313,8.852527994772132,8.850425833014484,8.853608850704706,8.850120787126878
2015-04-01,6,8.838982311421617,8.836176594828899,8.862502439265288,8.86174088578625,8.878964549040134,8.864371311029132,8.867897486423786,8.863907449057038,8.852408977066279,8.849985928821603
2015-04-01,12,8.838261266363324,8.836176594828899,8.887300180809032,8.887305176743602,8.915420679485138,8.886879572754438,8.893691146855886,8.886092165594633,8.857277361832068,8.850637158910168
2015-05-01,1,8.839116289915298,8.83782345437701,8.839036173488694,8.841815580171989,8.845243412622018,8.842682655987097,8.843329786875053,8.842580828436418,8.839932113791134,8.838901392523711
2015-05-01,3,8.840276356855247,8.83782345437701,8.84146833645508,8.84979983176195,8.859491657552077,8.852033309724881,8.853889113378479,8.85175299932505,8.848085393830484,8.844233867225292
2015-05-01,6,8.8385177698104,8.83782345437701,8.846273899936893,8.861776209146893,8.88014891752298,8.865429241296603,8.869011396628572,8.86495714643295,8.844499711308135,8.848000940484582
2015-05-01,12,8.838922391079445,8.83782345437701,8.85588502690052,8.885728963916778,8.916086528536631,8.887329999443843,8.894239008513047,8.886526286688401,8.85368423643963,8.849313398218381
2015-06-01,1,8.84037038704828,8.839116289915298,8.84003114467741,8.842802960677773,8.846446223726277,8.843854951841537,8.844515485858325,8.843751137779806,8.838781561867119,8.838449742624181
2015-06-01,3,8.839088969416675,8.839116289915298,8.843374743750108,8.850176302202721,8.860530476720784,8.852978946344708,8.854866329284166,8.852692138107274,8.846830444849257,8.842308936402949
2015-06-01,6,8.838563190161768,8.839116289915298,8.848362277292093,8.861236314490146,8.880932062567924,8.866070294456337,8.869712736161206,8.865587889851783,8.84295866422164,8.844706611433404
2015-06-01,12,8.838899932167863,8.839116289915298,8.858337344376064,8.883356339064992,8.916340984107707,8.887350007595275,8.894362080545877,8.886526554526542,8.845604372307957,8.852317229859379
2015-07-01,1,8.840276356855247,8.84037038704828,8.842402290738926,8.843664830895687,8.847588999871915,8.844978452403849,8.84564787542895,8.844872246240085,8.842476023773408,8.842236137612948
2015-07-01,3,8.838982311421617,8.84037038704828,8.846301451360144,8.8502537185905,8.86147101058141,8.853854553983366,8.855760692828154,8.853560323105013,8.846944208637217,8.847473538261566
2015-07-01,6,8.837730882242692,8.84037038704828,8.852038475576906,8.86013705013272,8.881557829887425,8.866611846000707,8.870292550162231,8.866117203817522,8.843576459644888,8.851094503482216
2015-07-01,12,8.839507837351515,8.84037038704828,8.86351252401043,8.879903713217159,8.916335731954133,8.887238625646388,8.89430949485377,8.886392291844642,8.846385730168592,8.85506495574283
2015-08-01,1,8.839088969416675,8.840276356855247,8.839945855946242,8.842999448227756,8.847302591496918,8.844681289581422,8.845355766428474,8.844571848934356,8.841536969326924,8.841672976431493
2015-08-01,3,8.8385177698104,8.840276356855247,8.839973839848083,8.848445630972776,8.860822690719578,8.853168982149873,8.855081480996523,8.852864495547328,8.849910724072844,8.846146845047723
2015-08-01,6,8.837273661139651,8.840276356855247,8.840656621945078,8.856614905090304,8.880371730843398,8.865414716372106,8.869116058641884,8.864903559977028,8.843333497949851,8.848421398594315
2015-08-01,12,8.839991162237133,8.840276356855247,8.842022186139067,8.872953453325362,8.914032664218757,8.88499157882652,8.892082113841388,8.884114079246137,8.845956360563576,8.849284360602365
2015-09-01,1,8.838982311421617,8.839088969416675,8.837944195915446,8.841252884707956,8.845895307622609,8.843263810053227,8.843942759111282,8.843150779623297,8.839623225603791,8.841117287597562
2015-09-01,3,8.838563190161768,8.839088969416675,8.836842605205705,8.845580715290518,8.858999372012672,8.851311157941577,8.85322774901962,8.850994868688044,8.84460834892896,8.84353170341278
2015-09-01,6,8.837537450275958,8.839088969416675,8.835461396680296,8.852072461164362,8.87794209320074,8.862980969734249,8.866701553128419,8.862451177574453,8.843483092519204,8.847508390800444
2015-09-01,12,8.841237904573337,8.839088969416675,8.832698979629479,8.865055952912046,8.910335667915401,8.88137615520483,8.888479058183488,8.880463891215381,8.844998682537735,8.850853501332166
2015-10-01,1,8.8385177698104,8.838982311421617,8.8394689273401,8.84076203742989,8.84563869691415,8.843013177970036,8.8436878038287,8.842897071847304,8.838850068830238,8.839901035842127
2015-10-01,3,8.837730882242692,8.838982311421617,8.840400658039632,8.844321489446434,8.85845781617759,8.85078132373242,8.852680429229125,8.850455714733883,8.84072137783357,8.84378041366939
2015-10-01,6,8.838261266363324,8.838982311421617,8.841482830891282,8.849660667471252,8.876981565141662,8.862075577834233,8.86577292286752,8.861529809766992,8.841161860571896,8.846586328927895
2015-10-01,12,8.8423214914094,8.838982311421617,8.843647176594581,8.860339023520888,8.908567984932645,8.879795757466539,8.88683765509127,8.878855576151594,8.847215523573272,8.851352562369067
2015-11-01,1,8.838563190161768,8.8385177698104,8.838058742534352,8.83988777433145,8.844994899456045,8.842395689676172,8.84305668306782,8.842276676430023,8.838893983336577,8.83686866512117
2015-11-01,3,8.837273661139651,8.8385177698104,8.837092105272344,8.842627783373551,8.857462461677036,8.849862526741466,8.851719216082833,8.849528097186825,8.841247126355192,8.842477541480326
2015-11-01,6,8.838922391079445,8.8385177698104,8.835915012303749,8.8467377969367,8.875489122804842,8.860759049293241,8.864389350277028,8.860197351884684,8.843216495800378,8.846585222717273
2015-11-01,12,8.843009367119809,8.8385177698104,8.83356082636656,8.854957824063002,8.906081393000326,8.87772793286725,8.884626954433164,8.876759994414291,8.846545884000287,8.85051425651066
2015-12-01,1,8.837730882242692,8.838563190161768,8.838528878132042,8.83965981192712,8.840482961473572,8.8406221085168,8.840217485528957,8.840575386158708,8.836994002235835,8.839435410383105
2015-12-01,3,8.837537450275958,8.838563190161768,8.838640098959026,8.841853055457825,8.84373621814284,8.844021583761606,8.84294158904213,8.843885867245081,8.835088790051952,8.839636782044398
2015-12-01,6,8.838899932167863,8.838563190161768,8.838656657086103,8.845142920753885,8.849455611168924,8.849835467844787,8.847913006640557,8.849594984523538,8.83566098259426,8.838949693309745
2015-12-01,12,8.844296329546578,8.838563190161768,8.838689773340258,8.851722651346002,8.857121699809614,8.857232773065153,8.85404723076481,8.856799484550539,8.828714058662271,8.83029790217976
2016-01-01,1,8.837273661139651,8.837730882242692,8.836981300645204,8.8384378154877,8.839585601138321,8.839736326150966,8.839334773966481,8.839689489240197,8.836642598328245,8.83860310246403
2016-01-01,3,8.838261266363324,8.837730882242692,8.835579388258235,8.839851681977715,8.84270787147842,8.843037544768674,8.841959715374184,8.84290117399804,8.833009913582444,8.838804474125322
2016-01-01,6,8.839507837351515,8.837730882242692,8.833719732879448,8.841972481712737,8.848263171986115,8.848731371127439,8.846809857078267,8.848489442393554,8.83499933489327,8.83811738539067
2016-01-01,12,8.844253803707495,8.837730882242692,8.830000422121874,8.846214081182785,8.855624055043233,8.855900346786154,8.852717035003376,8.85546419724859,8.824613653009516,8.829465594260684
2016-02-01,1,8.837537450275958,8.837273661139651,8.836807222593904,8.837804799652,8.839097419031194,8.83925535888341,8.838855318468294,8.839208472030467,8.835712681575279,8.838145881360989
2016-02-01,3,8.838922391079445,8.837273661139651,8.836089264669688,8.8388670766767,8.842156904376342,8.842512196022316,8.841436065825864,8.84237555283983,8.833342979102287,8.838347253022281
2016-02-01,6,8.839991162237133,8.837273661139651,8.834922418492791,8.840460492213746,8.847627196553393,8.848143956716402,8.846225479710146,8.84790150085394,8.836417192502577,8.837660164287628
2016-02-01,12,8.845601452627765,8.837273661139651,8.832588726138997,8.84364732328784,8.854870611894174,8.855235219094201,8.852058119232996,8.85479840459232,8.825175962302097,8.829008373157643
2016-03-01,1,8.838261266363324,8.837537450275958,8.837998862077738,8.837976657276272,8.839370262718402,8.839530280118451,8.839131770797648,8.83948359082231,8.835854662032402,8.838409670497295
2016-03-01,3,8.838899932167863,8.837537450275958,8.838523108038327,8.838855071276903,8.842442660152555,8.842803771633298,8.841732861499876,8.842667802262694,8.834174565080632,8.838611042158588
2016-03-01,6,8.841237904573337,8.837537450275958,8.839085026137669,8.840172692277847,8.847916340015471,8.84844239291513,8.846534449167192,8.848201169192434,8.834022869610045,8.837923953423935
2016-03-01,12,8.845211636626082,8.837537450275958,8.840208862336352,8.842807934279735,8.855234590850413,8.855612325973452,8.852453181080163,8.855178223482907,8.828507588502006,8.82927216229395
2016-04-01,1,8.838922391079445,8.838261266363324,8.838883065553164,8.838434988991192,8.840117362917871,8.840277745279954,8.839881781147332,8.840231464368761,8.838347973253548,8.839133486584661
2016-04-01,3,8.839507837351515,8.838261266363324,8.83972574867225,8.83878243424693,8.843228986145467,8.843589712989987,8.842527984765828,8.843455044211359,8.83450459770709,8.839334858245953
2016-04-01,6,8.8423214914094,8.838261266363324,8.84090880339605,8.839303602130535,8.848738702138425,8.849263087039352,8.847372487311722,8.849024247502447,8.828913432643182,8.8386477695113
2016-04-01,12,8.845113214773589,8.838261266363324,8.843274912843654,8.840345937897748,8.856189320919574,8.856559268323243,8.853427143891812,8.856129733038605,8.826188899533191,8.829995978381316
2016-05-01,1,8.838899932167863,8.838922391079445,8.83941335207967,8.83901396913798,8.84080455674984,8.84096203734361,8.840567402441133,8.840916075876061,8.839155337920495,8.839794611300782
2016-05-01,3,8.839991162237133,8.838922391079445,8.84027231691001,8.839197125255053,8.843963243898083,8.844313535273153,8.843257395450104,8.844179829016406,8.83373874269594,8.839995982962074
2016-05-01,6,8.843009367119809,8.838922391079445,8.841548579269773,8.839471859430663,8.849529352404256,8.850033930867989,8.848153564512808,8.84979686270662,8.828481958520237,8.839308894227422
2016-05-01,12,8.843531400123677,8.838922391079445,8.8441011039893,8.84002132778188,8.85709626636662,8.857427826516409,8.85431044026472,8.85700141675033,8.824511880174468,8.830657103097437
2016-06-01,1,8.839507837351515,8.838899932167863,8.838776621254572,8.838881902355576,8.840774365648997,8.84093185590524,8.840537855466266,8.840885929595117,8.837054573159751,8.8397721523892
2016-06-01,3,8.841237904573337,8.838899932167863,8.838710184796566,8.838845842731004,8.84391830332521,8.844270137901788,8.843214900530313,8.84413641720954,8.832458130808675,8.839973524050492
2016-06-01,6,8.844296329546578,8.838899932167863,8.838770118965272,8.838791753294146,8.849473942368661,8.849983747414683,8.848103739618693,8.849746669008766,8.82945211471825,8.83928643531584
2016-06-01,12,8.84199234390655,8.838899932167863,8.838889987302682,8.838683574420427,8.85698066588435,8.857323755807613,8.854204798414742,8.85689679097328,8.824026907683733,8.830634644185855
2016-07-01,1,8.839991162237133,8.839507837351515,8.840213860005576,8.83943595821012,8.84140179740741,8.841557463901221,8.841163090933218,8.841511637242615,8.839060278615475,8.840380057572853
2016-07-01,3,8.8423214914094,8.839507837351515,8.84155807833034,8.839292199927325,8.844585275780513,8.844928303305164,8.843874565363034,8.844794975631043,8.834300245052885,8.840581429234145
2016-07-01,6,8.844253803707495,8.839507837351515,8.843348450615077,8.839076562503134,8.850187180135503,8.85067824231471,8.84880239008005,8.85044204121466,8.829067404792308,8.839894340499493
2016-07-01,12,8.840513035256134,8.839507837351515,8.846929195184549,8.838645287654751,8.857801169660046,8.858107252549484,8.854994268659606,8.857682060953334,8.824890508673475,8.831242549369508
2016-08-01,1,8.841237904573337,8.839991162237133,8.840497511947042,8.839967396018958,8.841901238713767,8.84205380774511,8.84165893302707,8.842008032076414,8.840506678283955,8.84086338245847
2016-08-01,3,8.843009367119809,8.839991162237133,8.84129408890341,8.839919863582605,8.84511671046203,8.84544850996172,8.844394744079914,8.845315398354437,8.834783569938503,8.841064754119763
2016-08-01,6,8.845601452627765,8.839991162237133,8.842557661320562,8.839848564928076,8.850760473575797,8.851230158176627,8.849354305010642,8.850994374309089,8.829550729677926,8.84037766538511
2016-08-01,12,8.839286081324484,8.839991162237133,8.845084806154865,8.83970596761902,8.858439990025367,8.858706558760609,8.855592960197832,8.858282032128777,8.825110585429107,8.831725874255126
2016-09-01,1,8.8423214914094,8.841237904573337,8.842413234824537,8.841416982503059,8.843197779799358,8.84334339976731,8.842947436449595,8.843297844356403,8.841368798594102,8.842110124794674
2016-09-01,3,8.844296329546578,8.841237904573337,8.844574816422409,8.841775138362502,8.84651016357775,8.846814937027649,8.845762599794671,8.846682653366134,8.836888453977963,8.842311496455967
2016-09-01,6,8.845211636626082,8.841237904573337,8.847587653281428,8.842312372151667,8.852269694278494,8.852684664609388,8.850813526729599,8.852450495655194,8.832188070266483,8.841624407721314
2016-09-01,12,8.838631908040082,8.841237904573337,8.853613326999467,8.843386839729998,8.86019216671075,8.860354553977505,8.857248578290001,8.859933391282812,8.826365902997408,8.832972616591329
2016-10-01,1,8.843009367119809,8.8423214914094,8.843379692693293,8.842599756408383,8.84431390425221,8.84445377144062,8.84405760765572,8.844408411141792,8.843360857780974,8.843193711630738
2016-10-01,3,8.844253803707495,8.8423214914094,8.845224448864318,8.843156286406346,8.847688513417104,8.847973001264343,8.84692239489437,8.847841352299163,8.83711389911077,8.84339508329203
2016-10-01,6,8.845113214773589,8.8423214914094,8.848019973257907,8.843991081403292,8.853527308982173,8.853903521392802,8.852035674806991,8.853670518454472,8.832161586523723,8.842707994557378
2016-10-01,12,8.838638479636662,8.8423214914094,8.853611022045085,8.845660671397184,8.861585505847195,8.861675696987966,8.85857400724695,8.861256581340292,8.82744846692527,8.834056203427393
2016-11-01,1,8.844296329546578,8.843009367119809,8.843521938611394,8.843383666895592,8.845011277357404,8.845147807151367,8.844750940800001,8.845102441497435,8.841242457907256,8.843881587341146
2016-11-01,3,8.845601452627765,8.843009367119809,8.84472623298613,8.844132266447161,8.84840566664963,8.848679254297455,8.847627181094428,8.848547562957098,8.836289039020572,8.844082959002439
2016-11-01,6,8.843531400123677,8.843009367119809,8.846647318898084,8.845255165774514,8.854276549537023,8.854632889386554,8.852761993650635,8.85439984547003,8.837997345500165,8.843395870267786
2016-11-01,12,8.838890867700115,8.843009367119809,8.850489490721992,8.847500964429218,8.862355563324233,8.862410619389554,8.859302732628127,8.861991114449044,8.828039106107619,8.834744079137801
2016-12-01,1,8.844253803707495,8.844296329546578,8.845697787625603,8.844774091161979,8.844858208563037,8.845811786836803,8.845736101161547,8.845848413774602,8.84450470081802,8.84416632034598
2016-12-01,3,8.845211636626082,8.844296329546578,8.848357703496879,8.84572961439278,8.845138070356425,8.847633144477241,8.8478186988587,8.847715658260368,8.841860305993814,8.839806578845105
2016-12-01,6,8.84199234390655,8.844296329546578,8.85211067302673,8.847162899238985,8.847087420647822,8.849056577667453,8.851304864402719,8.849207084517785,8.839303573425953,8.838599958953806
2016-12-01,12,8.83896426488496,8.844296329546578,8.85961661208643,8.850029468931389,8.848446422614016,8.849250705804534,8.855115840103336,8.849533976413168,8.845233764826617,8.834010232453293
2017-01-01,1,8.845601452627765,8.844253803707495,8.844105001016928,8.844797380496228,8.844803608592436,8.845495544245303,8.845614632113673,8.84553294813896,8.844667494764726,8.84174701748487
2017-01-01,3,8.845113214773589,8.844253803707495,8.844038126661712,8.845884534073697,8.845062794093344,8.847199055237532,8.847550037653953,8.847264968428597,8.842079866295443,8.839379790313023
2017-01-01,6,8.840513035256134,8.844253803707495,8.84437886037266,8.847515264439897,8.847003134770155,8.848513458959594,8.850838818691507,8.848630244947806,8.841983981934163,8.836767338583526
2017-01-01,12,8.83884097800983,8.844253803707495,8.845060327794554,8.850776725172299,8.848289694275543,8.84822585118173,8.854232056170538,8.848445641912356,8.845561614290487,8.833630397405024
2017-02-01,1,8.845211636626082,8.845601452627765,8.847019705347483,8.846295435251774,8.846159145931328,8.847113565422209,8.847012196780728,8.8471476841919,8.846092410458088,8.845585298596895
2017-02-01,3,8.843531400123677,8.845601452627765,8.849890551838996,8.847683400499793,8.846432807386467,8.848999641948925,8.849044499100732,8.84907464182152,8.846564801816779,8.842576224580034
2017-02-01,6,8.839286081324484,8.845601452627765,8.853740410058355,8.849765348371822,8.84837867889701,8.850474298113571,8.852453262658404,8.85061574226393,8.843814610975619,8.842487663708615
2017-02-01,12,8.838331909099553,8.845601452627765,8.861440126497074,8.853929244115879,8.849722116367506,8.850700745472299,8.85611782327442,8.850968947281675,8.846047183342659,8.837101794047266
2017-03-01,1,8.845113214773589,8.845211636626082,8.84489736734568,8.845851152155259,8.845754165204163,8.846383232392292,8.846522755107763,8.846418965376834,8.845612784568308,8.842482924551799
2017-03-01,3,8.84199234390655,8.845211636626082,8.844295278706237,8.847130183213613,8.8460018034693,8.848088790315124,8.848365621759477,8.848146943028006,8.84481455825295,8.840128459285602
2017-03-01,6,8.838631908040082,8.845211636626082,8.843950839646904,8.849048729801144,8.84793335257742,8.849381188281733,8.851522034385162,8.849487263594675,8.844234329826264,8.835941896088764
2017-03-01,12,8.838154562508365,8.845211636626082,8.843261961528238,8.852885822976207,8.849187329296875,8.848954936374831,8.854663703941661,8.849155358855533,8.844699085117341,8.830875633301952
2017-04-01,1,8.843531400123677,8.845113214773589,8.844851458423335,8.845684210474444,8.845647219014351,8.846278398151041,8.846371660910078,8.846312964654059,8.844376692697889,8.843302947022801
2017-04-01,3,8.840513035256134,8.845113214773589,8.844999688296134,8.846826201876155,8.845881733896674,8.848006410261148,8.848114354505666,8.8480658582109,8.844045956811511,8.840206074096065
2017-04-01,6,8.838638479636662,8.845113214773589,8.845155644954554,8.848539188978721,8.847799489942842,8.849271403362506,8.851128288281613,8.849386936256193,8.841931972944304,8.835972875622975
2017-04-01,12,8.83807821881718,8.845113214773589,8.845467558271393,8.851965163183854,8.84902749184286,8.848761416708582,8.854018642303997,8.8489773703902,8.840645463953058,8.832261147241777
2017-05-01,1,8.84199234390655,8.843531400123677,8.842243075899676,8.843915484210696,8.84404144254054,8.844371081139027,8.844641915913737,8.844404594956497,8.843501045586317,8.842745432398457
2017-05-01,3,8.839286081324484,8.843531400123677,8.840036613996254,8.844683652384735,8.844237146533626,8.845941089019245,8.846101183136991,8.845986172249606,8.84285808244111,8.839600190494298
2017-05-01,6,8.838890867700115,8.843531400123677,8.837151422627391,8.845835904645792,8.846124636633387,8.846992125427416,8.848729174742541,8.847085667699641,8.840920436785229,8.834633379078928
2017-05-01,12,8.837946533354271,8.843531400123677,8.831381039889665,8.84814040916791,8.847238050233639,8.84577756600461,8.850871830871395,8.84594592700719,8.841565498898907,8.828842131343409
2017-06-01,1,8.840513035256134,8.84199234390655,8.84048154267379,8.842250044884775,8.842485267974208,8.842774507894884,8.843002029475993,8.842807216758612,8.841885644121868,8.840167554934318
2017-06-01,3,8.838631908040082,8.84199234390655,8.838109596237373,8.842765446841224,8.842654428866464,8.844336206224053,8.844266154468297,8.84438560334058,8.840844650449272,8.836469969985686
2017-06-01,6,8.83896426488496,8.84199234390655,8.83463257345053,8.843538549775895,8.844512507915734,8.845280870460211,8.846619923729687,8.845392205650224,8.841053428946607,8.831926308652431
2017-06-01,12,8.837322687569765,8.84199234390655,8.827678527876845,8.845084755645239,8.845567622352629,8.843802593895472,8.848279203884541,8.843996768482267,8.836689608449634,8.828432509432236
2017-07-01,1,8.839286081324484,8.840513035256134,8.839333687144403,8.840596801748186,8.840995424814007,8.841293021404834,8.841461343990357,8.841325761526075,8.839912017602222,8.839727067530914
2017-07-01,3,8.838638479636662,8.840513035256134,8.837072527523302,8.840764334732288,8.84114828287549,8.842831209834383,8.842602313562946,8.842890269888283,8.83932079746542,8.836051258291514
2017-07-01,6,8.83884097800983,8.840513035256134,8.833670490364982,8.841015634208443,8.842982743235023,8.843662234788479,8.844783205605761,8.843798255847485,8.837595923608538,8.829405582959847
2017-07-01,12,8.836657104575094,8.840513035256134,8.826866416048341,8.841518233160752,8.84400734987268,8.841999727368073,8.846157603032605,8.842234003424362,8.836694005967196,8.82371751538538
2017-08-01,1,8.838631908040082,8.839286081324484,8.838108517532552,8.839227324581763,8.839765032759555,8.840114463941813,8.84021478502002,8.840148268040888,8.838888213401841,8.837461292352252
2017-08-01,3,8.838890867700115,8.839286081324484,8.835755984056151,8.839109811096321,8.839912487840433,8.84162746702243,8.841311215254631,8.841699455696311,8.838255510847361,8.833203414846068
2017-08-01,6,8.838331909099553,8.839286081324484,8.832242719025547,8.83893354086816,8.841732689476725,8.842363413022053,8.843429970386591,8.842526301573184,8.836217210951224,8.827652242672654
2017-08-01,12,8.836054044140834,8.839286081324484,8.82521618896434,8.838581000411835,8.842755342898112,8.840620401146975,8.84472568921667,8.840899830399234,8.83482237821499,8.822490561453732
2017-09-01,1,8.838638479636662,8.838631908040082,8.838006236101373,8.83841474166231,8.839116317927658,8.839579328059738,8.839592820129877,8.83961519247718,8.837413561508457,8.83680711906785
2017-09-01,3,8.83896426488496,8.838631908040082,8.836593740082467,8.837980408906768,8.839272289749754,8.841077793020343,8.840743493850862,8.841166395557632,8.838261355741396,8.832549241561665
2017-09-01,6,8.838154562508365,8.838631908040082,8.83430344408258,8.837328909773454,8.841090899290105,8.84176124269474,8.842938556432312,8.841953829958623,8.834023540551806,8.826998069388251
2017-09-01,12,8.835782025748133,8.838631908040082,8.829722852082808,8.836025911506827,8.842148851001223,8.840102293857893,8.844412246815448,8.840434067164136,8.833415641658204,8.821836388169329
2017-10-01,1,8.838890867700115,8.838638479636662,8.838661347153424,8.838331561988934,8.839135807695945,8.839741298162059,8.839675071348116,8.839779243969039,8.83787520418364,8.837035616516086
2017-10-01,3,8.83884097800983,8.838638479636662,8.838258391200775,8.837717726693478,8.839312057117146,8.841238261481427,8.840964237043314,8.841341242707946,8.838419214929928,8.832854536892432
2017-10-01,6,8.83807821881718,8.838638479636662,8.837445946267723,8.836796973750292,8.841142239097186,8.841922852957302,8.843353191671573,8.842136995216512,8.831855096654566,8.827004640984832
2017-10-01,12,8.835168422374435,8.838638479636662,8.835821056401619,8.834955467863924,8.842262429931813,8.840485471698136,8.84521386381393,8.840856689775043,8.833163244038657,8.822712754716774
2017-11-01,1,8.83896426488496,8.838890867700115,8.839002808295092,8.838547659415141,8.839400897427709,8.840071166210123,8.840003891309038,8.840110992008135,8.838948108471579,8.83728800457954
2017-11-01,3,8.838331909099553,8.838890867700115,8.838870571437134,8.837861242845193,8.839596796009005,8.841541984510854,8.841435395573512,8.84165045565112,8.837875264792252,8.833242114544328
2017-11-01,6,8.837946533354271,8.838890867700115,8.838596995970603,8.836831617990269,8.841444121833206,8.8422420878627,8.844027288650409,8.842458234328092,8.831016888623608,8.827257029048285
2017-11-01,12,8.835754028049609,8.838890867700115,8.83804984503754,8.834772368280422,8.842614504202515,8.840964121205047,8.846264913604841,8.841339436053545,8.831729399565669,8.822965142780227
2017-12-01,1,8.83884097800983,8.83896426488496,8.838882204362113,8.838519926163158,8.839439935910884,8.839876919564228,8.839436882366096,8.83987511460287,8.838573531885825,8.838991527475052
2017-12-01,3,8.838154562508365,8.83896426488496,8.838631039443296,8.837631248719553,8.8395242799757,8.840881226396556,8.839531327177207,8.840875997602376,8.839113453167808,8.838224376304687
2017-12-01,6,8.837322687569765,8.83896426488496,8.838266915432705,8.83629823255415,8.841309093449633,8.843854932159553,8.841325665636356,8.843837056819718,8.837701403636485,8.838735257035658
2017-12-01,12,8.836884828861177,8.83896426488496,8.837538667411522,8.83363220022334,8.84227508124746,8.84684754167534,8.84243267383277,8.84680037204958,8.834760330950994,8.828293399840096
2018-01-01,1,8.838331909099553,8.83884097800983,8.838667381747385,8.838389909201691,8.839317863247562,8.839756547030266,8.839314815261606,8.839754809182342,8.838063195724558,8.838649761394244
2018-01-01,3,8.83807821881718,8.83884097800983,8.838351293842356,8.837487771585415,8.839403603190295,8.840765896508675,8.839410881941877,8.840760811138171,8.838473728509316,8.839859237118574
2018-01-01,6,8.836657104575094,8.83884097800983,8.837890707339163,8.836134565160998,8.841195351932402,8.843751670116763,8.841212226798962,8.843733954033087,8.836583155987794,8.839240784841632
2018-01-01,12,8.83821614925805,8.83884097800983,8.836969534332777,8.833428152312166,8.842158512002062,8.8467488342656,8.8423183066996,8.846701938448678,8.82832118116959,8.831149214657461
2018-02-01,1,8.838154562508365,8.838331909099553,8.83781282947752,8.837726113805536,8.838805284531746,8.839240889303811,8.838802309450886,8.839239212282893,8.837475173261383,8.837968819564791
2018-02-01,3,8.837946533354271,8.838331909099553,8.836908909657598,8.8365145232175,8.838885391137056,8.840240620140877,8.83889326657537,8.840235595772002,8.83774724644852,8.839038860623216
2018-02-01,6,8.836054044140834,8.838331909099553,8.83566333163188,8.834697137335446,8.840677964681719,8.843222495349083,8.8406954840235,8.843204701034312,8.835655766679796,8.838994579438449
2018-02-01,12,8.839008364504256,8.838331909099553,8.833172175580442,8.831062365571341,8.841619173711125,8.846185321168933,8.84177914070334,8.84613816830698,8.82742460562084,8.828092121768806
2018-03-01,1,8.83807821881718,8.838154562508365,8.838028850150865,8.837566472998555,8.838628419987302,8.839065637780962,8.838625589145025,8.839063963612219,8.837274446605361,8.837907858217987
2018-03-01,3,8.837322687569765,8.838154562508365,8.837806106185715,8.836390293978935,8.838709772556697,8.840069360674036,8.838717842350391,8.840064371462589,8.836433895004346,8.83896953627806
2018-03-01,6,8.835782025748133,8.838154562508365,8.837359680217864,8.834626025449506,8.840502945931306,8.843055030556073,8.840520622899433,8.84303733356451,8.832660805259113,8.838132029314211
2018-03-01,12,8.839245672548518,8.838154562508365,8.83646682828216,8.831097488390647,8.841451802050372,8.846031719578107,8.841612331561421,8.845984752049347,8.825203600693461,8.829625105565706
2018-04-01,1,8.837946533354271,8.83807821881718,8.83805670700308,8.837491969154147,8.838553710476198,8.838993073396786,8.838550924773962,8.838991401439934,8.837436938134624,8.838067677024958
2018-04-01,3,8.836657104575094,8.83807821881718,8.837846820913615,8.836319469828078,8.838637815918709,8.840002943950175,8.838645860974147,8.839997993621445,8.83644495221479,8.839038209463146
2018-04-01,6,8.835168422374435,8.83807821881718,8.837515772520549,8.834560720838976,8.840432616255647,8.842994642283237,8.840450289964146,8.84297705937869,8.83265943926038,8.838947456577973
2018-04-01,12,8.840681976305149,8.83807821881718,8.836853675734416,8.831043222860773,8.841390161381504,8.845988344706065,8.841551493925444,8.845941606282658,8.822892129250594,8.829670478975434
2018-05-01,1,8.837322687569765,8.837946533354271,8.83773002682987,8.837481127790154,8.838422789541811,8.838863465307087,8.838420047437113,8.838861818379529,8.837580484325397,8.837722159757075
2018-05-01,3,8.836054044140834,8.837946533354271,8.837313586462322,8.83655031666192,8.838508046943035,8.839876592753727,8.838516189787343,8.83987170482361,8.836903303839682,8.83897960344903
2018-05-01,6,8.835754028049609,8.837946533354271,8.836725085333358,8.835154099969568,8.840304792521794,8.842873307073761,8.840322659945388,8.842855826614697,8.83450906121134,8.839491618988397
2018-05-01,12,8.84009063388026,8.837946533354271,8.835548083075428,8.832361666584866,8.841263811931286,8.845873104537178,8.841426008742575,8.845826530026544,8.823991697621414,8.831942421238423
2018-06-01,1,8.836657104575094,8.837322687569765,8.83666967321995,8.8369335495417,8.837794497943475,8.838230968991054,8.837791816462056,8.838229374566806,8.83659800037033,8.837325178532096
2018-06-01,3,8.835782025748133,8.837322687569765,8.835553427383804,8.836155273485568,8.837872611955033,8.83923052887222,8.83788130753929,8.839225664225166,8.836279458055175,8.83840835142853
2018-06-01,6,8.836884828861177,8.837322687569765,8.834013137389688,8.834987859401373,8.83966731054498,8.842217672921477,8.83968586714728,8.84220005416101,8.835398966698722,8.840188380192687
2018-06-01,12,8.839795398719568,8.837322687569765,8.830932557401455,8.83265303123298,8.840600154435021,8.845173340130357,8.840761641112847,8.845126360028742,8.835849455129193,8.834064446127107
2018-07-01,1,8.836054044140834,8.836657104575094,8.836040936558202,8.836335777018341,8.837124961280749,8.837557914635651,8.837122390015535,8.837556327894815,8.83599491862736,8.83656321648873
2018-07-01,3,8.835168422374435,8.836657104575094,8.83499173674138,8.835693121904834,8.83719717964206,8.838545942240414,8.837206287744008,8.838541036498752,8.836387609528563,8.837518096791364
2018-07-01,6,8.83821614925805,8.836657104575094,8.833422076276717,8.834729139234575,8.838987388209459,8.841521341380682,8.839006367166546,8.841503570814636,8.835658322169063,8.840014296900717
2018-07-01,12,8.839457532147435,8.836657104575094,8.830282755347392,8.832801173894055,8.83990494537076,8.844446793691274,8.840065038324353,8.84439944525158,8.837313513766919,8.835914836773968
2018-08-01,1,8.835782025748133,8.836054044140834,8.835541993012697,8.835784707708862,8.836519803100597,8.83695076016556,8.83651728841323,8.836949153925158,8.835575280410126,8.836120260037251
2018-08-01,3,8.835754028049609,8.836054044140834,8.83451886727989,8.835246034844921,8.836589070391707,8.837932335043657,8.836598297237284,8.837927364924322,8.836363116576528,8.837524199651387
2018-08-01,6,8.839008364504256,8.836054044140834,8.83297986670481,8.834438025549009,8.83837498847242,8.84089877532642,8.838394057767797,8.840880892070341,8.836016834477011,8.840217746324017
2018-08-01,12,8.840037243755235,8.836054044140834,8.829901865554648,8.832822006957183,8.839287455955851,8.84381056839447,8.83944622712988,8.843762979207892,8.840381098147,8.835022155413125
2018-09-01,1,8.835168422374435,8.835782025748133,8.835526879793305,8.835544535557137,8.83624978332614,8.83668259092906,8.836247246636278,8.836680938529982,8.83561371462055,8.836228657110045
2018-09-01,3,8.836884828861177,8.835782025748133,8.834927442108619,8.835069555175146,8.836322414903636,8.837669977958514,8.836331294773347,8.837664956732853,8.83587480108653,8.837986090641627
2018-09-01,6,8.839245672548518,8.835782025748133,8.833949131195858,8.834357084602157,8.838107241357877,8.840638019417613,8.838125887367143,8.840620171551793,8.83574481608431,8.840738575005396
2018-09-01,12,8.83856196587501,8.835782025748133,8.831992509370338,8.832932143456183,8.83903467449659,8.84357237563768,8.839193172560273,8.843524931737422,8.840658631651534,8.836688289279175
2018-10-01,1,8.835754028049609,8.835168422374435,8.834514483423387,8.834879250935916,8.835634528455584,8.836064958653905,8.835631913330898,8.836063311435309,8.834757000524636,8.834816572916314
2018-10-01,3,8.83821614925805,8.835168422374435,8.833225546493548,8.834300908058879,8.83570431632691,8.837045681488261,8.835713202774086,8.837040630343862,8.835261197712832,8.836323010688247
2018-10-01,6,8.840681976305149,8.835168422374435,8.831410377279651,8.833433393743322,8.83748765842759,8.840007648512282,8.837506341689759,8.839989680971511,8.83459132413324,8.835603103636783
2018-10-01,12,8.83711391796024,8.835168422374435,8.827780038851857,8.831698365112208,8.83840327680812,8.842920611321487,8.838561022828825,8.842872908513554,8.835519175290168,8.827384516560215
2018-11-01,1,8.836884828861177,8.835754028049609,8.83638391124657,8.835492624745399,8.8362306858118,8.836671863036075,8.836228012042897,8.836670124373244,8.836367633196716,8.83658802693168
2018-11-01,3,8.839008364504256,8.835754028049609,8.837373465252655,8.834969818136981,8.83631746999997,8.837686076986914,8.836325256671602,8.837681037018386,8.836934479075898,8.837960728439407
2018-11-01,6,8.84009063388026,8.835754028049609,8.838448601093289,8.834185608224356,8.83810720103172,8.84067421173056,8.838124563212817,8.840656667010238,8.836345577556513,8.840318698001564
2018-11-01,12,8.837130579859634,8.835754028049609,8.840598872774555,8.832617188399102,8.839083872496461,8.843693065916499,8.839243998977667,8.843646446702381,8.841457701520682,8.831045239874536
2018-12-01,1,8.83821614925805,8.836884828861177,8.838047318877921,8.836711542525862,8.837104098924275,8.83746009331134,8.837519368500754,8.837467100815221,8.837722873451002,8.838089418948323
2018-12-01,3,8.839245672548518,8.836884828861177,8.839654750203417,8.83636496985523,8.836665738863477,8.837832537707246,8.838062140736103,8.837893325597353,8.836548206606226,8.839475174357307
2018-12-01,6,8.839795398719568,8.836884828861177,8.841901712544312,8.835845110849284,8.837810393184728,8.837047704533862,8.839212204673633,8.837267450546452,8.836834569381734,8.84008440952613
2018-12-01,12,8.836897799311101,8.836884828861177,8.8463956372261,8.834805392837394,8.837915839854933,8.833591283642992,8.839196264389276,8.834168117371693,8.836858797284576,8.83989513770546
2019-01-01,1,8.839008364504256,8.83821614925805,8.839253945666512,8.838164080195401,8.838438623652882,8.838885522224563,8.838975726462058,8.838888642038773,8.839123015545988,8.839203298987261
2019-01-01,3,8.840681976305149,8.83821614925805,8.841052485232764,8.838059942070105,8.838001957347705,8.839264516379307,8.83974777035005,8.839318617024082,8.837879601011009,8.83885967779472
2019-01-01,6,8.839457532147435,8.83821614925805,8.843694951646713,8.837903734882161,8.839143893342088,8.838507529066964,8.841228907937738,8.838713592684917,8.838299262153958,8.839846980700477
2019-01-01,12,8.838461410219928,8.83821614925805,8.84897988447461,8.83759132050627,8.839266688572797,8.835225583762485,8.841833749795887,8.835781130018267,8.842568547863413,8.841001232382553
2019-02-01,1,8.839245672548518,8.839008364504256,8.839664555475704,8.83906473578798,8.839231850446371,8.839493706354691,8.83980240896722,8.83948502136423,8.83942846278838,8.839207420898278
2019-02-01,3,8.84009063388026,8.839008364504256,8.840987366327326,8.839177478355431,8.83879529907222,8.839766116665263,8.840651186210156,8.839802680738789,8.838611323338965,8.841720066696475
2019-02-01,6,8.840037243755235,8.839008364504256,8.84305263440636,8.839346592206606,8.83994543101085,8.839037945331942,8.842237726230227,8.839221819840308,8.838623479677697,8.840516553626413
2019-02-01,12,8.839967622773019,8.839008364504256,8.84718317056443,8.839684819908959,8.840063232722745,8.835689422817953,8.842988951275178,8.83620886984659,8.838587216162312,8.838920747878044
2019-03-01,1,8.840681976305149,8.839245672548518,8.839434585401676,8.839336598385199,8.839468150886919,8.839508105978698,8.839997825132546,8.839494261723107,8.839358729672737,8.8397611369788
2019-03-01,3,8.839795398719568,8.839245672548518,8.840065898637706,8.839518450058556,8.839030589929994,8.839712688735549,8.840787751810954,8.839746404882849,8.837693080353242,8.840379253645516
2019-03-01,6,8.83856196587501,8.839245672548518,8.841152310779853,8.839791227568595,8.840191625385874,8.839056247808717,8.842282456091002,8.839240913480158,8.839655813120824,8.840070443818831
2019-03-01,12,8.841781115303357,8.839245672548518,8.843325135064147,8.840336782588672,8.840294498695389,8.835621981161044,8.842800658639849,8.83614071153696,8.840777644455356,8.839482273608487
2019-04-01,1,8.84009063388026,8.840681976305149,8.842276462456097,8.840898956095813,8.840905883190516,8.841329825941301,8.841517576264977,8.841339665597133,8.841856710185464,8.842089337284795
2019-04-01,3,8.839457532147435,8.840681976305149,8.845215788177912,8.84133291567714,8.840469288582625,8.841833944680928,8.842458946180358,8.841918344508684,8.845086659258929,8.841843156431734
2019-04-01,6,8.83711391796024,8.840681976305149,8.849211349145303,8.841983855049133,8.841620632986832,8.841394363568924,8.844171684833071,8.841648082497358,8.846298260402461,8.845220970080053
2019-04-01,12,8.84376312902922,8.840681976305149,8.857202471080086,8.843285733793117,8.841748450083486,8.838535575793884,8.845133527314118,8.839168101215563,8.847198187406546,8.842598993664616
2019-05-01,1,8.839795398719568,8.84009063388026,8.8393950270935,8.840269308924093,8.840312025437976,8.840120887754034,8.840782366213768,8.840104513260536,8.839008415035245,8.839432177169764
2019-05-01,3,8.840037243755235,8.84009063388026,8.838205042644695,8.840626659011757,8.839874084021227,8.840289712113242,8.841484474994155,8.840320329895855,8.839137495440335,8.838304379594708
2019-05-01,6,8.837130579859634,8.84009063388026,8.83713181625539,8.841162684143255,8.841046536211303,8.839732695095387,8.842841553546402,8.839915206482198,8.842079200688575,8.843106982325976
2019-05-01,12,8.846058746749131,8.84009063388026,8.834985363476779,8.842234734406249,8.841132700487885,8.836236805001187,8.843039194865066,8.836745815861883,8.840860855280813,8.837275670835451
2019-06-01,1,8.839457532147435,8.839795398719568,8.839380620915325,8.840001457982051,8.840014193444356,8.839845655301312,8.840399802914314,8.839837509561173,8.838454016080378,8.838526733170946
2019-06-01,3,8.83856196587501,8.839795398719568,8.839366544333549,8.840413576507018,8.839574565329665,8.840127915686887,8.84094712390374,8.840175201378722,8.838275776093118,8.840153529956472
2019-06-01,6,8.836897799311101,8.839795398719568,8.83921687851428,8.84103175429447,8.840749802494381,8.839677386979881,8.842077463127632,8.839887580591446,8.84190748363961,8.84454453442607
2019-06-01,12,8.847903367297354,8.839795398719568,8.838917546875743,8.842268109869371,8.840826684220653,8.836271003548015,8.841844222702045,8.83682882991429,8.838264293296781,8.839724976720627
2019-07-01,1,8.840037243755235,8.839457532147435,8.839573350650884,8.839690901111796,8.839674709936162,8.839517716991622,8.839995605918602,8.839514292754984,8.839321958967405,8.839808972320975
2019-07-01,3,8.83711391796024,8.839457532147435,8.839607830713655,8.84015763904052,8.839234493909544,8.839845196362376,8.840419972071913,8.83989794638569,8.83957935484175,8.842519250931469
2019-07-01,6,8.838461410219928,8.839457532147435,8.839634756750565,8.840857745933604,8.840409271524777,8.839394703285734,8.841371420993028,8.839614701999608,8.841298958577045,8.844996456066845
2019-07-01,12,8.85072435588629,8.839457532147435,8.839688608824384,8.842257959719776,8.84047954807852,8.83595524913494,8.84081602665924,8.836529529409972,8.845342139843464,8.846222775310356
2019-08-01,1,8.83856196587501,8.840037243755235,8.840548947234714,8.840369177056436,8.840255346332727,8.84042482054227,8.840621209261174,8.840435446787327,8.840134363178882,8.840902167183607
2019-08-01,3,8.837130579859634,8.840037243755235,8.841380101471586,8.841033043658836,8.839815866647571,8.840934127592648,8.84111455591645,8.841007994744162,8.841786251393321,8.842654932149449
2019-08-01,6,8.839967622773019,8.840037243755235,8.842475513865892,8.842028843562435,8.840978270478248,8.840509993862527,8.84217067955777,8.840756269486322,8.84247202929245,8.844606648661511
2019-08-01,12,8.854410263297082,8.840037243755235,8.844666338654505,8.844020443369637,8.841068169300145,8.837350038660391,8.841874956467821,8.837970462243705,8.842610450155734,8.844643559245245
2019-09-01,1,8.83711391796024,8.83856196587501,8.83694707824675,8.838793627552251,8.838777119143083,8.838321452111154,8.838990804413948,8.838298551703952,8.837164758113971,8.836837772992117
2019-09-01,3,8.836897799311101,8.83856196587501,8.83419372197567,8.83925695090673,8.838336715120272,8.838428759418344,8.839212647081036,8.83843200244362,8.838407704271559,8.837355925900761
2019-09-01,6,8.841781115303357,8.83856196587501,8.83073498057262,8.83995193593845,8.839518695686161,8.83777499084888,8.839869196667019,8.837928906805496,8.839504166209915,8.836976518616947
2019-09-01,12,8.859729716948195,8.83856196587501,8.823817497766521,8.841341906001889,8.839564357442464,8.833827913064193,8.838755428698528,8.83429578437997,8.838354722452388,8.838846601949342
2019-10-01,1,8.837130579859634,8.83711391796024,8.835686954217469,8.83727604259239,8.837325638038608,8.836795766905569,8.837429248358974,8.836774606499974,8.835999358371266,8.835394554296242
2019-10-01,3,8.838461410219928,8.83711391796024,8.83367105137242,8.837600291856692,8.836883397258505,8.836918550101844,8.837442296566595,8.836929238047022,8.836071190529792,8.836209175801228
2019-10-01,6,8.84376312902922,8.83711391796024,8.830592167834006,8.838086665753142,8.838069790197922,8.836283899649432,8.837795583628038,8.836457886597062,8.837800020145869,8.83789969031411
2019-10-01,12,8.863895682469682,8.83711391796024,8.824434400757177,8.839059413546044,8.838098053276925,8.832240893660499,8.836112759929536,8.8327490558535,8.837698545894238,8.842230510376641
2019-11-01,1,8.836897799311101,8.837130579859634,8.837644653151118,8.83724529251047,8.837343059577082,8.837274515618022,8.837502640667056,8.837277979657786,8.837235186256011,8.83822496918998
2019-11-01,3,8.839967622773019,8.837130579859634,8.838089399786252,8.83747471781214,8.836901090728619,8.837651647564174,8.837596857595175,8.837710738759172,8.837769974791552,8.839465505944915
2019-11-01,6,8.846058746749131,8.837130579859634,8.83828237437746,8.837818855764647,8.838068627398146,8.837059857675316,8.838078683877514,8.837298530323581,8.838239461015904,8.840945958818136
2019-11-01,12,8.868337620894039,8.837130579859634,8.838668323559876,8.83850713166966,8.838124472759349,8.833404881641885,8.836723553972236,8.834019390861188,8.8380639043756,8.845032034776436
2019-12-01,1,8.838461410219928,8.836897799311101,8.836497805691192,8.836898880181929,8.837226094331255,8.837354508725822,8.837129254711455,8.8373589275604,8.837214746795908,8.837184266117173
2019-12-01,3,8.841781115303357,8.836897799311101,8.835345651751544,8.836901041923582,8.837015416395571,8.838170282807097,8.83717169173424,8.838168803401187,8.837279690870051,8.837816500575409
2019-12-01,6,8.847903367297354,8.836897799311101,8.833853125179669,8.836904284536065,8.838484130132839,8.8391727104633,8.837957454527624,8.839190981848061,8.836198502093389,8.838186934598893
2019-12-01,12,8.872937726282728,8.836897799311101,8.83086807203592,8.836910769761026,8.838902392921865,8.840195514526114,8.837359905885661,8.840272122559965,8.83667208467487,8.844781803251223
2020-01-01,1,8.839967622773019,8.838461410219928,8.83985187411523,8.838481848633418,8.83880093105315,8.83927653860362,8.838881482248574,8.839279006084574,8.839432247246034,8.838746960567851
2020-01-01,3,8.84376312902922,8.838461410219928,8.842269554558687,8.838522725460397,8.838605451654324,8.840421516181117,8.839255267021393,8.840417102177774,8.841150067109737,8.83964288137302
2020-01-01,6,8.85072435588629,8.838461410219928,8.845277178182748,8.838584040700866,8.840068574611244,8.841711569310313,8.840502166387772,8.841729192494562,8.840384005950504,8.840574388941187
2020-01-01,12,8.876476205195274,8.838461410219928,8.85129242543087,8.838706671181805,8.840559327242111,8.843508292420914,8.840854618896877,8.8435917244881,8.840371340584339,8.849308325674897
2020-02-01,1,8.841781115303357,8.839967622773019,8.841502894626684,8.840047560962082,8.840315752053629,8.84089498082385,8.840536842124765,8.840896294512548,8.841655906305174,8.84140466225986
2020-02-01,3,8.846058746749131,8.839967622773019,8.843709493858293,8.84020743734021,8.840130902203144,8.842181625428838,8.841190380512034,8.842175145053533,8.843758769402859,8.84088167967137
2020-02-01,6,8.854410263297082,8.839967622773019,8.84698260985806,8.840447251907399,8.841601068970975,8.843688835508418,8.842825472939056,8.843707503636596,8.846101568937708,8.843710363307977
2020-02-01,12,8.879118673934771,8.839967622773019,8.853528841857592,8.840926881041781,8.842123577489746,8.845926230659005,8.843905357063976,8.846013026197669,8.850063909381308,8.848433069980574
2020-03-01,1,8.84376312902922,8.841781115303357,8.84318549451629,8.841992402199594,8.842136552177445,8.842835926245508,8.842491350746323,8.842836236841586,8.843079899052812,8.84292027957497
2020-03-01,3,8.847903367297354,8.841781115303357,8.845851340257983,8.842414975992067,8.841960795411334,8.844314271960949,8.843420159332064,8.84430700554939,8.843913075155763,8.843421379248035
2020-03-01,6,8.859729716948195,8.841781115303357,8.84976308980111,8.843048836680776,8.843439773567562,8.846102504669298,8.845435280263965,8.846123552559485,8.845957087954053,8.843293465874071
2020-03-01,12,8.880924022679977,8.841781115303357,8.857586588887363,8.844316558058196,8.843991826199536,8.84885444087403,8.847211251644959,8.848947706776281,8.85241892700363,8.8459397789996
2020-04-01,1,8.846058746749131,8.84376312902922,8.8457281096189,8.844019891756226,8.844124363240816,8.844915886351636,8.844594179652894,8.844915880880116,8.845399769878211,8.845865462526085
2020-04-01,3,8.85072435588629,8.84376312902922,8.849352537962552,8.844533417210238,8.843955889257167,8.846569289162552,8.845767672348565,8.84656265791299,8.848019644135592,8.845601520964046
2020-04-01,6,8.863895682469682,8.84376312902922,8.854611947846271,8.845303705391256,8.845443893748133,8.848628225445545,8.848119164991921,8.848653151828593,8.849067419394865,8.845188073718928
2020-04-01,12,8.883926143362878,8.84376312902922,8.865130767613708,8.846844281753292,8.846018172742596,8.851840845484084,8.850495435006714,8.851943318906969,8.855258200278401,8.840451032328408
2020-05-01,1,8.847903367297354,8.846058746749131,8.848275067557932,8.846556089488203,8.846425558506107,8.84734443453659,8.847007280397756,8.847344030575423,8.846877512989073,8.847282149456614
2020-05-01,3,8.854410263297082,8.846058746749131,8.852362044121266,8.847550774966349,8.846264497719185,8.849228830026059,8.848423304916887,8.849222207856892,8.848223744581231,8.846838056339884
2020-05-01,6,8.868337620894039,8.846058746749131,8.858389701318238,8.849042803183567,8.847760604294544,8.851608672128586,8.851104964917122,8.851635701438008,8.847688941593892,8.845319167912299
2020-05-01,12,8.888754199931867,8.846058746749131,8.870445015712182,8.852026859618002,8.848359204079552,8.85537433619198,8.854075214774875,8.85548242548999,8.857390221228666,8.845936715188468
2020-06-01,1,8.85072435588629,8.847903367297354,8.849593979016067,8.848579031345503,8.848271474640446,8.849166636986288,8.84888863510229,8.849167211612317,8.848888201361708,8.848450552323708
2020-06-01,3,8.859729716948195,8.847903367297354,8.852961435272817,8.8499303594418,8.84811148742107,8.851131087567287,8.850403657581287,8.85112550708242,8.849752746820446,8.846922174775518
2020-06-01,6,8.872937726282728,8.847903367297354,8.858128012319183,8.851957351586247,8.849617185935008,8.853693809525671,8.853218312074992,8.853721960613134,8.851456175613892,8.848011621958138
2020-06-01,12,8.894429353532699,8.847903367297354,8.868461166411914,8.85601133587514,8.850211177885162,8.857663855122032,8.85637664997727,8.857771941626075,8.858444266008664,8.846830699526926
2020-07-01,1,8.854410263297082,8.85072435588629,8.853542105334748,8.851663257864528,8.851098211235898,8.852220426765802,8.85183128829633,8.852219194626036,8.852835559021946,8.852247677913164
2020-07-01,3,8.863895682469682,8.85072435588629,8.858960130653598,8.853541061821005,8.850946900275835,8.854502922026972,8.853590656174879,8.854494978776733,8.854976458741556,8.8496862323218
2020-07-01,6,8.876476205195274,8.85072435588629,8.866739423178373,8.856357767755718,8.852455068133372,8.857422384536425,8.85673522819818,8.857449418036799,8.858780218748146,8.851875355836667
2020-07-01,12,8.900789620660941,8.85072435588629,8.882298008227924,8.861991179625146,8.853085921016122,8.862088298062394,8.86052446124197,8.862199110547612,8.86608711663388,8.85345139375975
2020-08-01,1,8.859729716948195,8.854410263297082,8.858136745568135,8.855608014925568,8.854793445143782,8.856206287333675,8.855710920581528,8.856203124562212,8.856884631490455,8.856786366317168
2020-08-01,3,8.868337620894039,8.854410263297082,8.864843818491542,8.858003518182542,8.854655933182853,8.858879703150064,8.857847246860088,8.858870517515511,8.860570785099169,8.858198605748315
2020-08-01,6,8.879118673934771,8.854410263297082,8.874640248264004,8.861596773068005,8.856167801359602,8.862257229682923,8.861502226029456,8.862287152145923,8.86318895226738,8.860713025261461
2020-08-01,12,8.905808667468845,8.854410263297082,8.89423310780893,8.868783282838928,8.856849435304225,8.867848902528108,8.866272532899798,8.867969514389456,8.869661151209947,8.86042720214806
2020-09-01,1,8.863895682469682,8.859729716948195,8.864836707180617,8.861493696204294,8.860128917979736,8.862069406707732,8.861380758623554,8.862062012472151,8.863699668357308,8.863579793172114
2020-09-01,3,8.872937726282728,8.859729716948195,8.874184364547105,8.865021654716491,8.860015962375755,8.865427554513289,8.864188507593198,8.865416804722472,8.870633505681699,8.86828246972585
2020-09-01,6,8.880924022679977,8.859729716948195,8.887711478920812,8.870313592484788,8.861533375734425,8.869600808641835,8.868750653623565,8.869637988901658,8.873394158292962,8.86810071711802
2020-09-01,12,8.910094582988826,8.859729716948195,8.914765707668225,8.880897468021379,8.862303861577956,8.876833957082553,8.875282945505305,8.876975186563058,8.877464005137774,8.863810781127137
2020-10-01,1,8.868337620894039,8.863895682469682,8.867747851581845,8.866127496178802,8.864300035810537,8.866216419814826,8.865705583212637,8.866214568112717,8.86704660002701,8.865223326648529
2020-10-01,3,8.876476205195274,8.863895682469682,8.875084193956212,8.870591123597043,8.864192328209263,8.869772549104617,8.868864523564206,8.869772008471863,8.871623816934692,8.864306897220997
2020-10-01,6,8.883926143362878,8.863895682469682,8.886384078766916,8.877286564724404,8.865727935303674,8.874415543713347,8.873900519535617,8.874466692880468,8.873636950856172,8.855352016523028
2020-10-01,12,8.91437287253059,8.863895682469682,8.908983848388324,8.890677446979124,8.8664968475613,8.882266484052614,8.881211133525447,8.88242344543405,8.880353431548276,8.855391115549295
2020-11-01,1,8.872937726282728,8.868337620894039,8.872519846840712,8.870938207646907,8.868745680549495,8.870796623552764,8.870292186882892,8.870795784198293,8.872602787413687,8.870352021079269
2020-11-01,3,8.879118673934771,8.868337620894039,8.881088685600346,8.87613938115264,8.86864313244618,8.874706218863452,8.873772813385898,8.874707042152608,8.87936951369052,8.868836592351883
2020-11-01,6,8.888754199931867,8.868337620894039,8.893757812104667,8.883941141411242,8.870189465495372,8.879879077809477,8.87923956094923,8.879931772040749,8.876706570514022,8.858755799572934
2020-11-01,12,8.919658978089455,8.868337620894039,8.919096065113308,8.899544661928443,8.87097218577432,8.888539680192793,8.887290556828106,8.888700512150848,8.884099964480457,8.857200558754084
2020-12-01,1,8.876476205195274,8.872937726282728,8.877715458089082,8.875941053530363,8.874260560453152,8.876285984606696,8.876070112881465,8.876355137170506,8.876458114228532,8.876002339603849
2020-12-01,3,8.880924022679977,8.872937726282728,8.8868952645836,8.881947708025635,8.875970255310861,8.882704580628527,8.881933093496812,8.88289296483363,8.879520445672329,8.879796189396654
2020-12-01,6,8.894429353532699,8.872937726282728,8.900535984586393,8.890957689768541,8.879770063755316,8.89228494507934,8.891351964750541,8.892564924859656,8.87807143692297,8.881151877295213
2020-12-01,12,8.924440447251492,8.872937726282728,8.927817424591977,8.908977653254356,8.884315394290937,8.907864747994793,8.906499809080017,8.90828596656884,8.889003444145715,8.879961304867331
2021-01-01,1,8.879118673934771,8.876476205195274,8.879823270346128,8.879644104776553,8.877786632635605,8.87983086193816,8.879623647554752,8.879902026857224,8.878805659852983,8.878285909019146
2021-01-01,3,8.883926143362878,8.876476205195274,8.886752527732513,8.885979903939111,8.879473449437853,8.886301157305923,8.885562006625321,8.886492733153489,8.881695731725031,8.878361843710152
2021-01-01,6,8.900789620660941,8.876476205195274,8.897522623888015,8.895483602682948,8.883262302036371,8.895963783617105,8.895106629709687,8.896247326637592,8.880056903254967,8.879339127067638
2021-01-01,12,8.929726769052705,8.876476205195274,8.91906281619902,8.91449100017062,8.88772259211072,8.911585248316612,8.910323678757038,8.912010438050118,8.889521099307695,8.876467038245252
2021-02-01,1,8.880924022679977,8.879118673934771,8.881722874796157,8.882381261531584,8.880396333721636,8.882386589388533,8.882163371856494,8.882459221839143,8.88109956533804,8.881635189037539
2021-02-01,3,8.888754199931867,8.879118673934771,8.887666981511094,8.88890643672521,8.882025377324952,8.888736905961467,8.88795150207652,8.888928860857321,8.88600119120669,8.885567124584357
2021-02-01,6,8.905808667468845,8.879118673934771,8.896798963061253,8.898694199515647,8.885761873762293,8.8982543651603,8.897322437226011,8.898535248323514,8.889558184359048,8.88702513930269
2021-02-01,12,8.934638068779126,8.879118673934771,8.91506292616157,8.918269725096524,8.890060165397061,8.91348994566424,8.912056338473393,8.913908973767592,8.900429074973829,8.88254906178083
2021-03-01,1,8.883926143362878,8.880924022679977,8.882990472355925,8.884185931628028,8.882156037998215,8.88402978090366,8.883769371470265,8.884103115338661,8.883098165861119,8.882536997581814
2021-03-01,3,8.894429353532699,8.880924022679977,8.887665335163813,8.890709749524133,8.883704954681747,8.89011139694398,8.889211085548453,8.890300924813204,8.887367716172243,8.883949372662974
2021-03-01,6,8.910094582988826,8.880924022679977,8.894923381295943,8.900495476368288,8.887359117081218,8.899285017436199,8.898141925146632,8.899557624867015,8.889424486485822,8.886562204445195
2021-03-01,12,8.94012045971715,8.880924022679977,8.909439473560202,8.920066930056597,8.891450584789567,8.913780367856674,8.911934890707784,8.914184550678186,8.89899821250366,8.880075727532306
2021-04-01,1,8.888754199931867,8.883926143362878,8.887160452327585,8.887273061224017,8.885152882855145,8.88699123538634,8.886701256461201,8.887063813121749,8.88627154569969,8.886173778468368
2021-04-01,3,8.900789620660941,8.883926143362878,8.893658871246092,8.893966896946292,8.886694467585293,8.892995590768514,8.892007525503395,8.893183565191684,8.891395659619302,8.890227469878633
2021-04-01,6,8.91437287253059,8.883926143362878,8.903113385204115,8.904007650529707,8.890327043324469,8.902046342804788,8.900742148473618,8.902316277339814,8.894645813286239,8.891606095049886
2021-04-01,12,8.94489837621181,8.883926143362878,8.92202241312016,8.924089157696535,8.894433203577755,8.91637977720773,8.914255951955674,8.916779966518042,8.903398253397713,8.890513950828598
2021-05-01,1,8.894429353532699,8.888754199931867,8.893771340493231,8.892312154363761,8.890023757561579,8.89194912926527,8.891662729645617,8.89202066880884,8.893056647217978,8.893139380859537
2021-05-01,3,8.905808667468845,8.888754199931867,8.902875419987653,8.899428063227552,8.891642224949322,8.898167012932248,8.897195236498959,8.898356599474795,8.898264627337579,8.897139060236368
2021-05-01,6,8.919658978089455,8.888754199931867,8.916020725155098,8.910101926523236,8.895338523408867,8.907463755200155,8.906191615129359,8.907740346828945,8.899746186797616,8.89990555317414
2021-05-01,12,8.948995439727364,8.888754199931867,8.942311335489988,8.931449653114603,8.899673656302042,8.922417912373788,8.920393518845088,8.92283032436157,8.903786202178082,8.89710878226956
2021-06-01,1,8.900789620660941,8.894429353532699,8.899843682471483,8.89830651905231,8.895753981546816,8.897825355177131,8.897572788643968,8.897896862357241,8.898590248763355,8.899836800782014
2021-06-01,3,8.910094582988826,8.894429353532699,8.909768313927746,8.906060850091535,8.897468992277366,8.90439392114183,8.903530052398649,8.904587782454994,8.902124792732957,8.901289214398277
2021-06-01,6,8.924440447251492,8.894429353532699,8.924444026262467,8.917692346650371,8.901262592059878,8.91413135966411,8.913063887042311,8.914419680369404,8.908419080450061,8.905458618007454
2021-06-01,12,8.95364530354053,8.894429353532699,8.95379545093191,8.940955339768044,8.905845360366014,8.930016265717653,8.92839748179665,8.93044859683266,8.914035894202028,8.897822958060422
2021-07-01,1,8.905808667468845,8.900789620660941,8.906823575749716,8.90496172605883,8.902171409529398,8.904425949862922,8.904228973275746,8.90449790105107,8.904575433306366,8.90555753934086
2021-07-01,3,8.91437287253059,8.900789620660941,8.918309125781219,8.913305936854604,8.903987520447696,8.911424978011052,8.910736947626571,8.911624698274533,8.907905383569025,8.907257085235372
2021-07-01,6,8.929726769052705,8.900789620660941,8.935235462869917,8.925822253048267,8.907891391151349,8.921717722275059,8.920986118101279,8.922020845421354,8.909463269251864,8.908279317321178
2021-07-01,12,8.958799581539242,8.900789620660941,8.969088137047313,8.950854885435591,8.912719024651448,8.93871378742973,8.937730299615065,8.939170809768836,8.909355569630806,8.895854720799818
2021-08-01,1,8.910094582988826,8.905808667468845,8.910579707453332,8.910091867816492,8.907199758037931,8.909534616445198,8.909381673953503,8.909608184642165,8.909429364175692,8.90899752007628
2021-08-01,3,8.919658978089455,8.905808667468845,8.92004282522498,8.918658268511786,8.909029394670396,8.916714533980011,8.91616286225897,8.916918312947272,8.912243896128347,8.911057169886474
2021-08-01,6,8.934638068779126,8.905808667468845,8.934568079699728,8.931507869554727,8.912967270988046,8.927269208061515,8.926799173283397,8.927579491215765,8.914162515855502,8.912653937947955
2021-08-01,12,8.964744920306964,8.905808667468845,8.963618588649224,8.957207071640608,8.917787922362804,8.944660483676016,8.94413007684332,8.945128026234924,8.921625162485274,8.908757811480077
2021-09-01,1,8.91437287253059,8.910094582988826,8.914205343142388,8.914291655158879,8.911471028859673,8.913816179894788,8.913683384704349,8.913890886866433,8.913708459246179,8.912356269131902
2021-09-01,3,8.924440447251492,8.910094582988826,8.923033086428102,8.922685799498984,8.913275002549348,8.921011972754208,8.920523687778918,8.921217380604652,8.916851775731283,8.914026925028846
2021-09-01,6,8.94012045971715,8.910094582988826,8.936434197800049,8.935277016009142,8.917199817067889,8.93160839709541,8.931265618233887,8.931920170365778,8.91476453215163,8.912962836771126
2021-09-01,12,8.970687338127297,8.910094582988826,8.963236420543941,8.960459449029457,8.921931362292675,8.948982281192151,8.948649515910951,8.949451168580858,8.921723462397372,8.911300585244604
2021-10-01,1,8.919658978089455,8.91437287253059,8.918909439144553,8.918579305035665,8.915736885943558,8.91808615272596,8.91795832008786,8.918161627107407,8.917593836719977,8.917085727021684
2021-10-01,3,8.929726769052705,8.91437287253059,8.928138110166595,8.926992170045818,8.917520618966888,8.92529051468439,8.924822819388579,8.925497096001278,8.92293998027849,8.91936024292626
2021-10-01,6,8.94489837621181,8.91437287253059,8.941926263958873,8.939611467561043,8.921427918101768,8.935902966155778,8.935610601647864,8.936215683787237,8.917956896679717,8.915475077299837
2021-10-01,12,8.97654914522207,8.91437287253059,8.96950257154343,8.964850062591498,8.926104216805767,8.953262068300615,8.952994726567637,8.953731629966866,8.925948945417957,8.916455139539789
2021-11-01,1,8.924440447251492,8.919658978089455,8.92508047356013,8.92393575785574,8.921037899066459,8.923449408115584,8.923332272182915,8.923524942567337,8.923656540680485,8.925040663980404
2021-11-01,3,8.934638068779126,8.919658978089455,8.935590918111037,8.93248931738831,8.922850669447097,8.93080220985389,8.930377418726447,8.931010903410378,8.929946860869306,8.927105015930868
2021-11-01,6,8.948995439727364,8.919658978089455,8.951106980134304,8.945319656687163,8.92678202464408,8.94159456211305,8.94139372798777,8.941912349864605,8.933096055765732,8.928969836867902
2021-11-01,12,8.981161139527094,8.919658978089455,8.982139104180836,8.970980335284871,8.931546063713494,8.959343210413817,8.95924241150892,8.959821265741947,8.938228735305108,8.920357491777088
2021-12-01,1,8.929726769052705,8.924440447251492,8.929107705685162,8.928732340665555,8.930243216931068,8.928884630567573,8.930985211870812,8.92893670081272,8.928202290309681,8.928109630603569
2021-12-01,3,8.94012045971715,8.924440447251492,8.938329891652463,8.937316127493682,8.94149057195633,8.937241859744482,8.943764399747543,8.937334790836267,8.933472009725755,8.933036473170315
2021-12-01,6,8.95364530354053,8.924440447251492,8.952374764780473,8.950191807735873,8.958121042709045,8.949886888276033,8.962413817654543,8.950185319419198,8.939417802224941,8.94111105663833
2021-12-01,12,8.9842004054449,8.924440447251492,8.980464511036491,8.975943168220255,8.986016750346117,8.972061887393885,8.993702884773903,8.972718775282793,8.976431643975928,8.963843545470874
2022-01-01,1,8.934638068779126,8.929726769052705,8.934915325211561,8.934164316040825,8.93565738231342,8.934232178446164,8.936379748232921,8.934285376057288,8.93368410511372,8.933772938806445
2022-01-01,3,8.94489837621181,8.929726769052705,8.945364370829648,8.943039410017063,8.947165016852578,8.942705629229804,8.949367579840382,8.942803254187366,8.941817689068243,8.94003653417156
2022-01-01,6,8.958799581539242,8.929726769052705,8.960833642832783,8.956352050981419,8.964150232099255,8.955497688450178,8.968303912155589,8.955806608148178,8.952683109207802,8.950945119538659
2022-01-01,12,8.98716998504895,8.929726769052705,8.991772186839055,8.982977332910135,8.992721532307824,8.97796107905384,9.000131090007981,8.978639007382354,8.98487508553273,8.98335488605308
2022-02-01,1,8.94012045971715,8.934638068779126,8.93964111681048,8.939264685016155,8.940688984702096,8.939181149239406,8.94139301194878,8.93923613033326,8.938744656075528,8.938241771193505
2022-02-01,3,8.948995439727364,8.934638068779126,8.949467711358746,8.948517917490214,8.952441281406895,8.9477334700066,8.954577489523903,8.947835985339001,8.945242463486926,8.944621163876624
2022-02-01,6,8.964744920306964,8.934638068779126,8.964299282872178,8.962397766201303,8.969769377960578,8.960634619696751,8.97379174153389,8.960954365088359,8.955273922971257,8.95810235668435
2022-02-01,12,8.99093672473715,8.934638068779126,8.99396242589904,8.990157463623481,8.998939984245911,8.983268067939893,9.006093666656628,8.983967059059754,8.98812043611241,8.99655336930844
2022-03-01,1,8.94489837621181,8.94012045971715,8.945503995160026,8.945053496136914,8.946341327574487,8.944737804305191,8.94702137186789,8.944794221964116,8.944131178693224,8.944638545997575
2022-03-01,3,8.95364530354053,8.94012045971715,8.956231828452022,8.954919568976443,8.958437816422816,8.953428937305148,8.960485552620526,8.953537185859318,8.955006390623673,8.951673250914519
2022-03-01,6,8.970687338127297,8.94012045971715,8.972164206969714,8.969718678235736,8.976238326352473,8.96650711930954,8.980086797099943,8.966839798909064,8.968239771752884,8.961366935632688
2022-03-01,12,8.995174375439532,8.94012045971715,9.004028964005096,8.999316896754323,9.006297835331793,8.989486609768505,9.013104469698305,8.990211540084715,9.005844684034741,8.993863944102086
2022-04-01,1,8.948995439727364,8.94489837621181,8.949682377568566,8.949979395615888,8.951180567935396,8.949522234469939,8.95184935533284,8.94958001791342,8.949144395460783,8.948588814787042
2022-04-01,3,8.958799581539242,8.94489837621181,8.959240948925839,8.960141434424044,8.963400674954343,8.958233433746088,8.96540881131618,8.958344466023433,8.95652118457685,8.953878420949552
2022-04-01,6,8.97654914522207,8.94489837621181,8.973781879075233,8.975384492636277,8.981380341545034,8.971347786456633,8.985149530664373,8.971686610922504,8.965467338407382,8.961827685709745
2022-04-01,12,8.999626310692637,8.94489837621181,9.002863739374021,9.005870609060743,9.01172026430099,8.994349068001199,9.018377901956725,8.995085531816173,9.00034218958638,8.983655874226171
2022-05-01,1,8.95364530354053,8.948995439727364,8.952987797331076,8.954015543043655,8.955206736848263,8.953556819744913,8.955886002555994,8.953614940792827,8.952606770677008,8.952056852735288
2022-05-01,3,8.964744920306964,8.948995439727364,8.961474832869593,8.964055749676238,8.967289803941307,8.96216593349403,8.969334857930003,8.96227508263713,8.959690341288772,8.957277683218138
2022-05-01,6,8.981161139527094,8.948995439727364,8.974435074460574,8.979116059625113,8.985092571396885,8.975158669446168,8.988930629957972,8.975493152086196,8.968890259499075,8.962077501714983
2022-05-01,12,9.00417372120269,8.948995439727364,9.000355557642537,9.00923667952286,9.015040738899765,8.9978816867066,9.021842299420891,8.998608427513895,8.998012294650326,8.979590168190995
2022-06-01,1,8.958799581539242,8.95364530354053,8.958501373439656,8.958579966041182,8.959790359877648,8.95817580648944,8.960483090181501,8.958232933350505,8.957836419736664,8.956768151195236
2022-06-01,3,8.970687338127297,8.95364530354053,8.968294909863893,8.968449291042488,8.971745500036182,8.966728570566179,8.973836112462582,8.966834651932718,8.965137067581946,8.962985705355122
2022-06-01,6,8.9842004054449,8.95364530354053,8.982766551781479,8.983253278544446,8.989368933879437,8.979642091014089,8.993295833163561,8.979969735883774,8.974887576684711,8.967969858188745
2022-06-01,12,9.009302276314761,8.95364530354053,9.011709835616651,9.01286125354836,9.019005521827044,9.002242952280344,9.025977022641005,9.002956375174822,9.012951583697724,8.986853738751766
2022-07-01,1,8.964744920306964,8.958799581539242,8.964081987831591,8.963633744945767,8.964904531401007,8.963333197433858,8.96560570786929,8.963389055833577,8.962945600875207,8.962681052286735
2022-07-01,3,8.97654914522207,8.958799581539242,8.974252466580404,8.973302071758818,8.976777061384528,8.971881620150416,8.97889722095093,8.971985407669454,8.97253253740257,8.969567110739524
2022-07-01,6,8.98716998504895,8.958799581539242,8.98940867859313,8.987804561978393,8.994276549231618,8.984779532563298,8.998264070164769,8.985102073785274,8.98602552040665,8.977718141898842
2022-07-01,12,9.013409606715575,8.958799581539242,9.019721102618579,9.016809542417544,9.02373434187135,9.007394842367976,9.030817713152974,9.008099082421868,9.018249876549817,9.00309620245558
2022-08-01,1,8.970687338127297,8.964744920306964,8.970557634050877,8.969656274710141,8.970929908962114,8.969351314404173,8.971620381274386,8.969406695035412,8.969413882978923,8.970146775573404
2022-08-01,3,8.981161139527094,8.964744920306964,8.981824752165275,8.979478983516493,8.982956521608992,8.97801739017026,8.985038243630095,8.978123162337704,8.979594128692765,8.977123468302475
2022-08-01,6,8.99093672473715,8.964744920306964,8.998502935017822,8.994213046726024,9.00065412598209,8.991055200272365,9.004570095264478,8.991382353403731,8.993166485990768,8.99331501862951
2022-08-01,12,9.017755799803936,8.964744920306964,9.031859300722914,9.023681173145084,9.030553901963993,9.013992099487348,9.037486272328659,9.014706788980527,9.033578428418407,9.023740286418052
2022-09-01,1,8.97654914522207,8.970687338127297,8.976531161200862,8.975736734388835,8.976982733211022,8.975369304860484,8.977654337393593,8.97542534673075,8.975772378896629,8.976241146256921
2022-09-01,3,8.9842004054449,8.970687338127297,8.987878288576379,8.985835526911915,8.98922159241001,8.98416422211985,8.991238390071791,8.984274186170202,8.986119964493446,8.98419417242719
2022-09-01,6,8.995174375439532,8.970687338127297,9.004855437761831,9.000983715696531,9.007207286520403,8.99736804792146,9.01099816800515,8.997704793675345,8.999814803469722,9.000546979705911
2022-09-01,12,9.022242087294815,8.970687338127297,9.038809736132736,9.031280093265767,9.037666485621136,9.020626732124489,9.044350259913605,9.021360942138832,9.037751604420459,9.02891994862524
2022-10-01,1,8.981161139527094,8.97654914522207,8.98225610868417,8.981730501279692,8.982943699617298,8.981292580176504,8.983595944863172,8.981349680494876,8.98156680883454,8.981531072657253
2022-10-01,3,8.98716998504895,8.97654914522207,8.993605884897377,8.99209321339494,8.995374096945287,8.99019682073629,8.997325253129365,8.99031124023384,8.991685247187473,8.988418844915518
2022-10-01,6,8.999626310692637,8.97654914522207,9.010624511105787,9.00763728156781,9.013625014961125,9.003545809924962,9.017287642151476,9.003892790913941,9.004144041706626,8.99968029962315
2022-10-01,12,9.027578925909499,8.97654914522207,9.044661763522607,9.038725417913549,9.044580068827035,9.027069855869176,9.051012862861516,9.027824312836291,9.049510484292114,9.023528227135808
2022-11-01,1,8.9842004054449,8.981161139527094,8.985688974153879,8.986286319646897,8.98752476842491,8.985866380477082,8.988174930302185,8.985924859152865,8.985391980958758,8.98452295700287
2022-11-01,3,8.99093672473715,8.981161139527094,8.99511239100312,8.996536679886503,8.999892212072146,8.994714685337376,9.001840427139532,8.994830158160758,8.992742905830953,8.9896333693699
2022-11-01,6,9.00417372120269,8.981161139527094,9.009618652732838,9.011912220245915,9.018072463193667,9.008009539538753,9.021726108709109,9.008358770603072,9.001000110683808,8.99620242879985
2022-11-01,12,9.031313026868213,8.981161139527094,9.038631176192274,9.042663300964733,9.048811204353106,9.031350988516342,9.055242143193018,9.032108328858149,9.036803703167289,9.022628842965007
2022-12-01,1,8.98716998504895,8.9842004054449,8.987219265421187,8.989180401961018,8.99042893948401,8.98781111978362,8.98872533023725,8.988031786423127,8.987142994482362,8.98765408711504
2022-12-01,3,8.995174375439532,8.9842004054449,8.994267956413298,8.999140394993253,9.003020849566857,8.996092831272582,8.998564577218096,8.996532299112479,8.994190456660498,8.99291341120398
2022-12-01,6,9.009302276314761,8.9842004054449,9.005347677035521,9.014080384541604,9.021847291406194,9.009039933349888,9.014499802630345,9.010256406407754,9.008876701252882,9.003778422711472
2022-12-01,12,9.034195873999117,8.9842004054449,9.027507118279969,9.043960363638309,9.054238545265,9.034900000806848,9.043735584732095,9.037558051314155,9.041541141926686,9.035169257762956
2023-01-01,1,8.99093672473715,8.98716998504895,8.990473217386555,8.991956919715305,8.993177837081731,8.990873439791159,8.991393864475668,8.991079119820625,8.990171112387932,8.990544614812874
2023-01-01,3,8.999626310692637,8.98716998504895,8.997772218509239,9.001530789048012,9.005352763779939,8.99916869806546,9.00069239581424,8.99961775666523,8.997918716710362,8.996934121779026
2023-01-01,6,9.013409606715575,8.98716998504895,9.008737384831742,9.015891593047073,9.023631394230307,9.011540536158265,9.015839910455526,9.012753021292866,9.011342269058671,9.004948253557572
2023-01-01,12,9.03779358897847,8.98716998504895,9.030667717476748,9.044613201045197,9.054921653442563,9.035933416657628,9.04363125222224,9.03844911637205,9.049465643568269,9.039886038809694
2023-02-01,1,8.995174375439532,8.99093672473715,8.995071859053995,8.995628279400318,8.996805666748298,8.995124107029152,8.995042674511534,8.995339823223514,8.994101708084868,8.995032873811555
2023-02-01,3,9.00417372120269,8.99093672473715,9.003204103692402,9.005011388726656,9.008717958152157,9.003382541507346,9.004095832154018,9.003955638304216,9.00367542275606,9.004527091210425
2023-02-01,6,9.017755799803936,8.99093672473715,9.015244204219902,9.019086052716162,9.026633644744617,9.015134202584488,9.018855566426975,9.016512224718792,9.018315609332678,9.014815372673072
2023-02-01,12,9.042688378357102,8.99093672473715,9.039324405274902,9.047235380695174,9.057284659042818,9.038617523655159,9.046002527966959,9.041321208968622,9.053242038757265,9.0326512558802
2023-03-01,1,8.999626310692637,8.995174375439532,8.999401351583517,8.99976220174973,9.000942698756702,8.999494333362676,8.999261662440844,8.999722347205974,8.999238171339616,8.99914140439877
2023-03-01,3,9.009302276314761,8.995174375439532,9.007608303494164,9.008937854370128,9.012650952751287,9.007345073001929,9.00823269326473,9.00803007565672,9.007867623134894,9.008495192374172
2023-03-01,6,9.022242087294815,8.995174375439532,9.019883588111206,9.022701333300724,9.030271490181335,9.018432897592433,9.02283950250829,9.019979153836616,9.023781506935014,9.01821580464358
2023-03-01,12,9.049065861413135,8.995174375439532,9.04443415734529,9.050228291161915,9.060444590712436,9.041205105448611,9.049764969462998,9.044166051859506,9.058892156356409,9.044848636023493
2023-04-01,1,9.00417372120269,8.999626310692637,9.00397880601534,9.004186971899372,9.005354017169683,9.003864405827134,9.003745682687967,9.004114382119386,9.003687353919407,9.004311111552491
2023-04-01,3,9.013409606715575,8.999626310692637,9.01255807306408,9.013308294312843,9.01697188258311,9.011237666161268,9.01273489292851,9.012034162098079,9.01220193056119,9.013597242549999
2023-04-01,6,9.027578925909499,8.999626310692637,9.02534935602406,9.02699027793305,9.034453759120314,9.021838469581215,9.02734429218015,9.023554723860233,9.028300031477896,9.025955727368125
2023-04-01,12,9.055672472982987,8.999626310692637,9.050931921944022,9.054354245173464,9.064428815768569,9.044236248509495,9.054310793207495,9.047479799167721,9.068756323434188,9.048700081153756
2023-05-01,1,9.009302276314761,9.00417372120269,9.00869485902433,9.008771911325635,9.009899448153604,9.008289209117223,9.008343911279965,9.00856836467706,9.007915706048689,9.008269806919323
2023-05-01,3,9.017755799803936,9.00417372120269,9.017565568869848,9.017968291571522,9.021502980046947,9.015338059530634,9.01739899722584,9.016223324478645,9.015796442965483,9.019418940378978
2023-05-01,6,9.031313026868213,9.00417372120269,9.030804506525643,9.031762861940354,9.038954875447828,9.025751511582214,9.032091173359234,9.027590597995598,9.031203823131777,9.02483712691729
2023-05-01,12,9.063070990441625,9.00417372120269,9.057282381837231,9.059352002678017,9.068916085192043,9.048186569490511,9.059227085688192,9.051644190230448,9.070102705792099,9.036029485800706
2023-06-01,1,9.013409606715575,9.009302276314761,9.014401432794074,9.01394035737928,9.015061275695976,9.013629631267454,9.013595972803946,9.013946971984174,9.013218514918773,9.014070997421554
2023-06-01,3,9.022242087294815,9.009302276314761,9.024298686274621,9.023216519508319,9.026715277822282,9.020812171639468,9.022849680052664,9.021771798038449,9.02377956144095,9.023556333815021
2023-06-01,6,9.034195873999117,9.009302276314761,9.038935467076561,9.037130762701878,9.044219459535148,9.031553638295795,9.037818421737816,9.033465555997159,9.045269828984972,9.027357352100752
2023-06-01,12,9.069161207955043,9.009302276314761,9.06820902868044,9.064959249088993,9.074358980299499,9.054926826746728,9.065491593570973,9.058528083504703,9.081097450587642,9.045265787509841
2023-07-01,1,9.017755799803936,9.013409606715575,9.01738164918671,9.017960442146936,9.019102045403704,9.017166394576341,9.017652405494735,9.017455199802205,9.017197098685136,9.016389485248675
2023-07-01,3,9.027578925909499,9.013409606715575,9.025393104651222,9.027062113009658,9.030607401927844,9.024051713360384,9.026814166059628,9.024862644797102,9.025922164125655,9.022980322331156
2023-07-01,6,9.03779358897847,9.013409606715575,9.037752530271746,9.040714619303742,9.047915555139914,9.034844694262281,9.041664123138323,9.036532802110449,9.040772108755709,9.02691964856697
2023-07-01,12,9.076695637896465,9.013409606715575,9.062471381512793,9.068019631891907,9.07764797618045,9.05813009252204,9.06906773855342,9.061415172716513,9.083955130121131,9.03611067918565
2023-08-01,1,9.022242087294815,9.017755799803936,9.022041110264325,9.02217337309535,9.023375614423358,9.021654473494792,9.021976439159417,9.021951339084708,9.021543291773497,9.020581170836405
2023-08-01,3,9.031313026868213,9.017755799803936,9.03093699154027,9.03100851967818,9.034725359518134,9.028895402204299,9.031093378428423,9.029669931035542,9.030500381140453,9.027580711588316
2023-08-01,6,9.042688378357102,9.017755799803936,9.044152271589168,9.044261239552423,9.051820901099646,9.040121887687647,9.04588357067486,9.041726787451708,9.04402857283921,9.033691542008345
2023-08-01,12,9.08421730755041,9.017755799803936,9.070582831686961,9.070766679300908,9.081175812397206,9.063984998378956,9.073172011289799,9.067156986210549,9.081877775536409,9.056214384636323
2023-09-01,1,9.027578925909499,9.022242087294815,9.026944008893265,9.02653831639211,9.027820315567313,9.026316525304226,9.026465406065343,9.026597860158889,9.026459383537514,9.02725955719379
2023-09-01,3,9.034195873999117,9.022242087294815,9.036106398350979,9.035130774586694,9.03907843062794,9.033873770741282,9.035582985152958,9.034567094763277,9.034446023453313,9.036043997114811
2023-09-01,6,9.049065861413135,9.022242087294815,9.049781007927132,9.048019461878575,9.056045334210156,9.045436657389162,9.050375641678928,9.046904626657723,9.048624555601343,9.043022027399516
2023-09-01,12,9.091302445757929,9.022242087294815,9.077130227079438,9.073796836462334,9.085182774235962,9.069769981672524,9.077669776400088,9.072747606208084,9.08174538535483,9.073001760964656
2023-10-01,1,9.031313026868213,9.027578925909499,9.03285109827004,9.031831407633451,9.033215349270055,9.032209203774133,9.031932944627503,9.032490350501636,9.032924764001235,9.032737900499118
2023-10-01,3,9.03779358897847,9.027578925909499,9.043080218141302,9.040336371081356,9.04458186422477,9.04031182286332,9.041277784118453,9.04099741877059,9.043486554922303,9.0424603786856
2023-10-01,6,9.055672472982987,9.027578925909499,9.058203917777337,9.053093816253213,9.061680099191168,9.05240214821885,9.056391114564637,9.053839009450773,9.06336471528746,9.052409371003666
2023-10-01,12,9.097257108795326,9.027578925909499,9.088451317049408,9.078608706596928,9.09114276451061,9.077824903847674,9.084310231925944,9.080799030335644,9.107796159217964,9.08225135028265
2023-11-01,1,9.034195873999117,9.031313026868213,9.034884736136782,9.035492350813307,9.036919232536514,9.0350952628855,9.035552140869607,9.035317838270624,9.034295242491428,9.03432460539221
2023-11-01,3,9.042688378357102,9.031313026868213,9.042273940417349,9.043850998703494,9.048227945886959,9.042624028943886,9.044716547787596,9.04311898963939,9.04085674788348,9.041498105039835
2023-11-01,6,9.063070990441625,9.031313026868213,9.053896975160615,9.056388970538773,9.065267367832769,9.054337865285982,9.059593447097052,9.055539234154333,9.059326236855865,9.05422839523463
2023-11-01,12,9.102132715899915,9.031313026868213,9.077143044647148,9.081464914209333,9.094503747843612,9.07871634008776,9.08699926229607,9.081335371904482,9.092476415774094,9.08431222761877
2023-12-01,1,9.03779358897847,9.034195873999117,9.036986997916996,9.038362163045301,9.038430790064005,9.037573667821555,9.037820805908261,9.037681753859935,9.036913043345972,9.036820029850585
2023-12-01,3,9.049065861413135,9.034195873999117,9.043533808911329,9.04669474113767,9.046962380522011,9.046340171360491,9.045307589807628,9.046206856259225,9.044631802304083,9.045811124871138
2023-12-01,6,9.069161207955043,9.034195873999117,9.053594634017339,9.059193608276225,9.060313813501118,9.0602195319916,9.057356568166135,9.059567384534596,9.054786482825804,9.061277668643104
2023-12-01,12,9.108686670989222,9.034195873999117,9.073716284229357,9.084191342553334,9.082882706188677,9.087800100558518,9.08000035967779,9.08607529487562,9.084835242856272,9.089400548770618
2024-01-01,1,9.042688378357102,9.03779358897847,9.041834758735297,9.042012222639263,9.041952665583462,9.0417345544931,9.041313120550708,9.041590562244178,9.040992359332442,9.04251857699179
2024-01-01,3,9.055672472982987,9.03779358897847,9.049946291791047,9.050449489960851,9.050343186748446,9.050870699961902,9.048594737579347,9.050319974464596,9.048478937887744,9.05206392117692
2024-01-01,6,9.076695637896465,9.03779358897847,9.061834456203242,9.06310539094323,9.063499606368364,9.064561636341036,9.060354422000469,9.063441257146419,9.061826581499123,9.070526661718345
2024-01-01,12,9.1145314351372,9.03779358897847,9.085610785027631,9.08841719290799,9.085727171194971,9.09194013957423,9.082473551077069,9.089736343515337,9.088562597642028,9.10129085068491
2024-02-01,1,9.049065861413135,9.042688378357102,9.047738616662226,9.047001016158765,9.046904568318983,9.047544996478369,9.046276657833491,9.04721312200721,9.047062637356047,9.04805829463506
2024-02-01,3,9.063070990441625,9.042688378357102,9.057148176311076,9.05562629176209,9.055403355733265,9.05712036531489,9.053673349545111,9.05634918738227,9.057294456724133,9.058774384872217
2024-02-01,6,9.08421730755041,9.042688378357102,9.070961496023667,9.068564205167078,9.068680388145854,9.070883085244109,9.065555141531636,9.069584188275744,9.069728684094828,9.073551767296882
2024-02-01,12,9.12126504853952,9.042688378357102,9.09858813544885,9.094440031977054,9.091262691878487,9.099240892790963,9.088027124517371,9.09698791917484,9.0980951768097,9.104836398719476
2024-03-01,1,9.055672472982987,9.049065861413135,9.055274227146315,9.053556818577603,9.05350983937259,9.054892162354543,9.052928420277192,9.054513753419622,9.054795900718757,9.05503075459448
2024-03-01,3,9.069161207955043,9.049065861413135,9.066804536561238,9.062538732906535,9.062452495591595,9.064943676376595,9.060841577621057,9.064235665397598,9.065969931635463,9.06749904033057
2024-03-01,6,9.091302445757929,9.049065861413135,9.083623654175378,9.076011604399937,9.076296921381607,9.079221963444605,9.073383895242467,9.078106503495826,9.086964653891098,9.08566135930496
2024-03-01,12,9.127249502599673,9.049065861413135,9.11726188940366,9.102957347386738,9.100111498990907,9.109742678264036,9.09728132144536,9.107845812598123,9.131334065011691,9.113879933477245
2024-04-01,1,9.063070990441625,9.055672472982987,9.062019596182706,9.060342986507184,9.060384828306123,9.061586397408828,9.059851119934901,9.061415227770194,9.06156261805613,9.062332322013145
2024-04-01,3,9.076695637896465,9.055672472982987,9.073936404284687,9.069684013555575,9.069857715337857,9.071651096164569,9.06838200957267,9.071382338821277,9.07354884626867,9.075796883200049
2024-04-01,6,9.097257108795326,9.055672472982987,9.091669200648196,9.083695554128163,9.08440871414481,9.08651760098277,9.081752198457107,9.085971682041272,9.096641062522927,9.094759681504899
2024-04-01,12,9.132340389412612,9.055672472982987,9.127134793375214,9.111718635273338,9.109610336541518,9.118714368610963,9.107304404198512,9.11747029301463,9.143695460339176,9.12582392692507
2024-05-01,1,9.069161207955043,9.063070990441625,9.070198167221518,9.067979096211536,9.068134123290216,9.06950204616252,9.067659950645899,9.06940495671544,9.069665065651709,9.071223667776232
2024-05-01,3,9.08421730755041,9.063070990441625,9.083897961552452,9.077795307751359,9.078315704426055,9.080270957498138,9.0770122532903,9.080127418337648,9.081510467857814,9.084019459099652
2024-05-01,6,9.102132715899915,9.063070990441625,9.10407602504301,9.092519625061094,9.093822310043757,9.096592489926403,9.091493679506963,9.096129525749271,9.106623010734888,9.103497285636907
2024-05-01,12,9.136907427188673,9.063070990441625,9.144432152024127,9.12196825968056,9.120874554215257,9.13193318277437,9.119255483446901,9.1305468532427,9.15558332954544,9.136310594424314
2024-06-01,1,9.076695637896465,9.069161207955043,9.075032042697925,9.0741494522584,9.074422969557057,9.07473147062556,9.073973183128695,9.074928417410414,9.075169992548712,9.076282320541045
2024-06-01,3,9.091302445757929,9.069161207955043,9.086639410442038,9.084125940865114,9.08501708282129,9.085439378004233,9.083801565300385,9.085673950221102,9.087208044192172,9.089263932627013
2024-06-01,6,9.108686670989222,9.069161207955043,9.104421807879445,9.099090673775184,9.101110322009484,9.102697869371335,9.09897078720824,9.102524490635554,9.108027040404615,9.109706427307524
2024-06-01,12,9.141404704409583,9.069161207955043,9.139986602754261,9.129020139595324,9.129139432292144,9.138757297377746,9.127964840810458,9.13744753746287,9.15444358801776,9.14697304738768
2024-07-01,1,9.08421730755041,9.076695637896465,9.084124086371238,9.081969473828206,9.082294467955636,9.08343678864445,9.08188312140088,9.083393853276776,9.08264119974332,9.085231605767042
2024-07-01,3,9.097257108795326,9.076695637896465,9.098894054365259,9.092517145691687,9.093598678827094,9.095815837502288,9.092496954023646,9.095523256927537,9.093264685945886,9.09844101928164
2024-07-01,6,9.1145314351372,9.076695637896465,9.12046112720994,9.10833865348691,9.11066045065205,9.115145238235401,9.108736435070442,9.114188162728952,9.120872699600062,9.118070902672194
2024-07-01,12,9.147213253012781,9.076695637896465,9.1635952728993,9.139981669077356,9.140535758927273,9.15491780091803,9.139863507941174,9.152410404875683,9.187158294059465,9.15298214985128
2024-08-01,1,9.091302445757929,9.08421730755041,9.091895607965467,9.089755766529283,9.090138465558688,9.09120292255799,9.089757429828445,9.091180222501556,9.090901768016554,9.092523657120534
2024-08-01,3,9.102132715899915,9.08421730755041,9.106436814927534,9.10083268448703,9.102119661328892,9.104479176384906,9.101113676486115,9.104139750284652,9.103266978358912,9.105459068863054
2024-08-01,6,9.12126504853952,9.08421730755041,9.128215873491593,9.117448061423648,9.120111913812856,9.12527049465249,9.118378249389629,9.124163651300172,9.131080294785008,9.124473450953202
2024-08-01,12,9.152209846717666,9.08421730755041,9.17177399061971,9.150678815296885,9.151694749874572,9.167021704298953,9.151491907817821,9.164275278729896,9.194261622144182,9.169775391590786
2024-09-01,1,9.097257108795326,9.091302445757929,9.097964129985316,9.097057475629855,9.097474617086146,9.098114136274699,9.097104771196637,9.09816193268055,9.097130810007346,9.09767394007723
2024-09-01,3,9.108686670989222,9.091302445757929,9.111453021632512,9.108567535373707,9.10999281205589,9.111954777169768,9.109031635004822,9.111643998551909,9.10945883758531,9.110791260926057
2024-09-01,6,9.127249502599673,9.091302445757929,9.131892213433213,9.125832624989485,9.128735630441252,9.133703696209732,9.127099121589008,9.132571770477835,9.137286480438048,9.131188412939455
2024-09-01,12,9.157899546047426,9.091302445757929,9.172770597034615,9.160362804221043,9.16163280479962,9.176111823547426,9.161727106798235,9.17336591206843,9.208637757136621,9.171260515147845
2024-10-01,1,9.102132715899915,9.097257108795326,9.103187418325351,9.103063624035812,9.103515489860307,9.10334460148109,9.103123416560571,9.10348316318808,9.103465163902712,9.103133675019984
2024-10-01,3,9.1145314351372,9.097257108795326,9.115577541220647,9.114676654516781,9.116240383493583,9.117187277781646,9.115232299449723,9.11694724056391,9.116666071896299,9.11389287594446
2024-10-01,6,9.132340389412612,9.097257108795326,9.134412909747816,9.132096200238239,9.135293686198871,9.139034946816842,9.133587585198562,9.137984858262222,9.14000058424064,9.131127814439054
2024-10-01,12,9.163309825832888,9.097257108795326,9.172083646802154,9.166935291681153,9.168609203207176,9.180133075821082,9.16867029051749,9.177609236347358,9.195158437781304,9.16840069719449
2024-11-01,1,9.108686670989222,9.102132715899915,9.107130774541842,9.108034356652556,9.108355110660613,9.10756623201114,9.107882850021541,9.107645326443434,9.107159396446473,9.106841941707904
2024-11-01,3,9.12126504853952,9.102132715899915,9.117832630175425,9.11983763815784,9.121054068822831,9.121172037590712,9.119827254359096,9.120793481041163,9.119424144820442,9.11522595866827
2024-11-01,6,9.136907427188673,9.102132715899915,9.134263238288952,9.137542560415765,9.140102409441441,9.142208610345095,9.137994934488505,9.141075872499913,9.131396434708511,9.134057153832881
2024-11-01,12,9.16904992650544,9.102132715899915,9.167124454516006,9.172952404931616,9.173214220125645,9.180447556693524,9.172600873429746,9.178084783871144,9.18210444503401,9.175087396893396
2024-12-01,1,9.1145314351372,9.108686670989222,9.115554542775293,9.114894237405064,9.115053571623243,9.115565828375942,9.115449081503279,9.11510523720873,9.11526081496379,9.114535457367142
2024-12-01,3,9.127249502599673,9.108686670989222,9.129236363727031,9.127309370236748,9.128107535049743,9.13010687413854,9.129034811959094,9.128504610017366,9.130572207976835,9.127446170644513
2024-12-01,6,9.141404704409583,9.108686670989222,9.149199432668103,9.145932069484275,9.147736724794335,9.151330586851067,9.148798045099205,9.147885796010918,9.159407370008,9.14886018396334
2024-12-01,12,9.171885773835875,9.108686670989222,9.189125570550248,9.183177467979327,9.18203055891437,9.1903411972825,9.186996467739768,9.18553014877481,9.206509895715309,9.180270953899035
2025-01-01,1,9.12126504853952,9.1145314351372,9.120485838554643,9.120926255650428,9.120907499054033,9.120859876805502,9.121005855565476,9.120727721666503,9.12148645418492,9.121165836312747
2025-01-01,3,9.132340389412612,9.1145314351372,9.132017935843756,9.133715896676883,9.133997889300394,9.134495003213692,9.13402211300056,9.133859695931482,9.136144497315975,9.133072937258381
2025-01-01,6,9.147213253012781,9.1145314351372,9.149678344209482,9.152900358216566,9.15367992228787,9.15439737594645,9.152913894569087,9.152777049755263,9.156109724693307,9.150527924001148
2025-01-01,12,9.17391760137546,9.1145314351372,9.184999160940935,9.19126928129593,9.188014440303254,9.190868079727101,9.189327925508428,9.189403370087552,9.208019461543893,9.186452623907293
2025-02-01,1,9.127249502599673,9.12126504853952,9.127720872665845,9.127813104388055,9.127687825268389,9.128186208574355,9.127969017630697,9.12779195784244,9.127919368416936,9.12717453759741
2025-02-01,3,9.136907427188673,9.12126504853952,9.140846249408124,9.140909216085124,9.140878826758147,9.141966918861748,9.141075080639006,9.141154950863005,9.144028188627141,9.140166599123484
2025-02-01,6,9.152209846717666,9.12126504853952,9.16025663884206,9.16055338363073,9.160691617435099,9.161482258146883,9.160014549648643,9.160138784354807,9.163359192790214,9.159249879275517
2025-02-01,12,9.177110271230761,9.12126504853952,9.199077417709933,9.199841718721938,9.195324020838619,9.197919102764011,9.196760991966606,9.197265984868885,9.213547184896786,9.196979583521589
2025-03-01,1,9.132340389412612,9.127249502599673,9.133414704370047,9.133764806031884,9.133616260275678,9.133479537930773,9.133700219937102,9.133500137854801,9.13420715224752,9.133733794669249
2025-03-01,3,9.141404704409583,9.127249502599673,9.145537828615035,9.146795412896306,9.146690147951679,9.146406714827256,9.146419097692208,9.14650051018639,9.148649952683819,9.143157786706
2025-03-01,6,9.157899546047426,9.127249502599673,9.163891672185336,9.166341323192942,9.16633978954001,9.165189527929263,9.164960441202359,9.165132300019698,9.166305940462054,9.161744784182039
2025-03-01,12,9.18193924130005,9.127249502599673,9.200599359325938,9.20543314378621,9.200639032781558,9.200339653552012,9.20080281144424,9.201510460138755,9.213505070281508,9.193165148136087
2025-04-01,1,9.136907427188673,9.132340389412612,9.13722200047246,9.138729382448414,9.138554038123011,9.137831926920235,9.138296428710937,9.138105628189415,9.138166239359528,9.137536688597216
2025-04-01,3,9.147213253012781,9.132340389412612,9.147591496498698,9.151507368520019,9.15132012694773,9.150058026534289,9.150348208022088,9.150551305261224,9.149139625842103,9.147191723787667
2025-04-01,6,9.163309825832888,9.132340389412612,9.163528097441732,9.170674347627424,9.170551451963156,9.168210479539603,9.1680207132518,9.168569176566571,9.167354041359411,9.168355285061653
2025-04-01,12,9.1870712916514,9.132340389412612,9.1954012993278,9.209008305842236,9.203998158794612,9.201883967143267,9.201998564523429,9.203530165475577,9.204023046023249,9.192797546952294
2025-05-01,1,9.141404704409583,9.136907427188673,9.141633984258977,9.14306046358426,9.14289271280981,9.142048617441871,9.14241873807154,9.14226960305936,9.141668264697838,9.141602008641257
2025-05-01,3,9.152209846717666,9.136907427188673,9.151711717174,9.155366536375436,9.15519889498941,9.15397995020143,9.153825020965852,9.154201394495287,9.153023877740884,9.151300682126877
2025-05-01,6,9.16904992650544,9.136907427188673,9.166941065184064,9.173825645562196,9.173801126506843,9.17174075039915,9.17053889724306,9.171551345464506,9.169421638501722,9.166138831390628
2025-05-01,12,9.191267220040674,9.136907427188673,9.19739976120419,9.21074386393572,9.206020853099146,9.204397945281782,9.202653160867014,9.205104848918237,9.201121862856631,9.207001119158733
2025-06-01,1,9.147213253012781,9.141404704409583,9.146165129481952,9.147424995780794,9.147188567309572,9.14653683661942,9.14663035165046,9.146566864321871,9.146258456166175,9.146535992965946
2025-06-01,3,9.157899546047426,9.141404704409583,9.155916651708505,9.159465578523218,9.159092323142035,9.158283376353724,9.157478419351323,9.158141031148775,9.157217356669145,9.156664344425574
2025-06-01,6,9.171885773835875,9.141404704409583,9.17062614893295,9.177526452636853,9.177140408414347,9.175482695209725,9.173274238812668,9.174882033127291,9.172659312350177,9.170423144298498
2025-06-01,12,9.195783518375228,9.141404704409583,9.200045143381839,9.213648200864123,9.208307036417468,9.207136453348143,9.203763102400048,9.207339891451342,9.1917414331656,9.188221949932998
2025-07-01,1,9.152209846717666,9.147213253012781,9.153162770909068,9.15308972093914,9.152903739648794,9.153303663532173,9.152827599371706,9.15282440307263,9.152421599127518,9.153177584697952
2025-07-01,3,9.163309825832888,9.147213253012781,9.164798506841754,9.16484265679186,9.164602978906517,9.165638970962648,9.163975217199807,9.164637884876614,9.162384804977373,9.16291789203159
2025-07-01,6,9.17391760137546,9.147213253012781,9.181871396587976,9.18247206057094,9.182348499826078,9.18304536753047,9.18009359650958,9.181459686539059,9.180051588739227,9.176996543045854
2025-07-01,12,9.200405060312171,9.147213253012781,9.21601717608042,9.217730868129097,9.213079186907892,9.215921151271944,9.211721579364424,9.214697847894316,9.208056169834025,9.200961030064327
2025-08-01,1,9.157899546047426,9.152209846717666,9.15715571259655,9.15787589164827,9.157764435694913,9.157567770169477,9.157599463076691,9.157540924330602,9.157072538251546,9.156997879204635
2025-08-01,3,9.16904992650544,9.152209846717666,9.166883897933888,9.16920798150948,9.169169843611668,9.169011483383725,9.168367885467957,9.168909546402643,9.166441514710066,9.166418417163793
2025-08-01,6,9.177110271230761,9.152209846717666,9.181819934433058,9.186206116301292,9.18650403846557,9.185755195510934,9.18412104476745,9.185300415796588,9.180926585609274,9.178395108953818
2025-08-01,12,9.205689088855006,9.152209846717666,9.211692007431399,9.220202385884921,9.216468295497249,9.217558985990832,9.215031354171584,9.217754071993182,9.212394884918666,9.203635288150387
2025-09-01,1,9.163309825832888,9.157899546047426,9.163425091850616,9.163449304404885,9.163414237631239,9.163675861974932,9.16348825588984,9.163449461647994,9.162791434771089,9.163581658839322
2025-09-01,3,9.171885773835875,9.157899546047426,9.174671037723337,9.174548821119801,9.174722657149411,9.17533591630099,9.174432611634709,9.174907649477698,9.17191017478371,9.172895996091734
2025-09-01,6,9.18193924130005,9.157899546047426,9.191272268012218,9.191198096192174,9.191911066492773,9.192221036722637,9.19048401208756,9.191374527832247,9.186090555989841,9.18362045994642
2025-10-01,1,9.16904992650544,9.163309825832888,9.168902194997642,9.168814218919351,9.168801840643331,9.16880336661537,9.168861559840783,9.16878396344085,9.168549716889423,9.169082241971399
2025-10-01,3,9.17391760137546,9.163309825832888,9.179770215402662,9.17982300509228,9.180053986857578,9.18006767543678,9.179743539790556,9.18009857113187,9.177299712280556,9.177739212259151
2025-10-01,6,9.1870712916514,9.163309825832888,9.196113642200839,9.196336184351669,9.19716140093927,9.196703231210753,9.195818944151446,9.196475224818036,9.193456779316682,9.188511168080426
2025-11-01,1,9.171885773835875,9.16904992650544,9.174624228222164,9.174626360722568,9.17457687615698,9.174727324799651,9.174740387530083,9.174658271887356,9.173618579701364,9.174807271967902
2025-11-01,3,9.177110271230761,9.16904992650544,9.185775760951152,9.185779229156822,9.185895264551991,9.186068574369902,9.185802780495042,9.186088294194096,9.18249150229368,9.183723581233169
2025-11-01,6,9.191267220040674,9.16904992650544,9.202449780138931,9.202508531808203,9.203089993850345,9.202774372355098,9.20216341729557,9.202613696859235,9.19914073332297,9.196517078880468
2025-12-01,1,9.17391760137546,9.171885773835875,9.174621643975625,9.177152365739763,9.177588457537986,9.175345822533764,9.177069099450655,9.17532816489058,9.174787818889714,9.174630072754567
2025-12-01,3,9.18193924130005,9.171885773835875,9.180992120576304,9.187685549547538,9.189210107846357,9.184961959084667,9.187141842505135,9.184868368616499,9.181551073816303,9.183570720285097
2025-12-01,6,9.195783518375228,9.171885773835875,9.191569079168536,9.203485325259201,9.206837192474104,9.200807821301915,9.202223668171264,9.200554281769492,9.19783943486273,9.198465491765775
2026-01-01,1,9.177110271230761,9.17391760137546,9.176025220108695,9.178866448561983,9.179237291707278,9.177142192634374,9.178413332464725,9.177137444286227,9.176198506505429,9.176740980750532
2026-01-01,3,9.1870712916514,9.17391760137546,9.181845731486607,9.188764142935026,9.190095751105428,9.18668762922901,9.187247987395704,9.186604305660904,9.184627564656331,9.183720525038305
2026-01-01,6,9.200405060312171,9.17391760137546,9.190833778654817,9.203610684494592,9.20671006154883,9.201615989698649,9.200609390182972,9.201451330004812,9.1973576831,9.201297606545712
2026-02-01,1,9.18193924130005,9.177110271230761,9.181074058875195,9.181764039788364,9.1821446345937,9.181748047639106,9.181240128521297,9.181708454788152,9.180374166801442,9.181132315968338
2026-02-01,3,9.191267220040674,9.177110271230761,9.188950771896552,9.191071576903571,9.192420269065027,9.191963360347275,9.189337849319402,9.19188668549103,9.188353121459414,9.19258074751107
2026-02-01,6,9.205689088855006,9.177110271230761,9.20037072767459,9.205032882576383,9.20823207281572,9.206535702273671,9.201637156010095,9.206400053278033,9.20378314303246,9.206963906209749
2026-03-01,1,9.1870712916514,9.18193924130005,9.186921618055422,9.186496719525081,9.18691360094649,9.187585507808897,9.18613413936523,9.187588251019541,9.187794545716159,9.187372624343096
2026-03-01,3,9.195783518375228,9.18193924130005,9.196023791212546,9.195611675975144,9.197047205465559,9.197879117737237,9.194243267933551,9.197933227578822,9.197018216778707,9.199021190278454
2026-04-01,1,9.191267220040674,9.1870712916514,9.191887250803584,9.191632200171298,9.192080021291794,9.192372841216446,9.191453380431803,9.192425078168334,9.192072378541448,9.193482397597709
2026-04-01,3,9.200405060312171,9.1870712916514,9.201031937460915,9.200754017211096,9.202258457351299,9.201838830407532,9.199831635612817,9.201958244588049,9.20031628095395,9.202235409161014
2026-05-01,1,9.195783518375228,9.191267220040674,9.195206465983443,9.19579720277834,9.196245347352589,9.19546202264529,9.195660731026793,9.195505399459863,9.195315684492538,9.19528848604058
2026-05-01,3,9.205689088855006,9.191267220040674,9.203243978803616,9.204857168253675,9.206345053126926,9.203901795407647,9.204045039338881,9.203965721389169,9.204592064465967,9.20383605464627
2026-06-01,1,9.200405060312171,9.195783518375228,9.200329196527843,9.200315086205698,9.200761811462561,9.200304268048475,9.200251520731817,9.200302238696585,9.200181709701457,9.200477028128239
2026-07-01,1,9.205689088855006,9.200405060312171,9.205153310131132,9.204837710920454,9.205372001974304,9.205127852036078,9.204962248912473,9.205105499828626,9.204943497918944,9.205086810070929
